perturbation,city,guild,nb_nodes,isolated_nodes_count,cores_count,islets_count,n_subnetworks_theory,n_subnetworks,subnetworks_split_by_failed_links,largest_subnetwork_size,nb_corridors,nb_failed_corridors,pc_theory,pc_real,connectivity_loss_pct,ec_theory_ha,ec_real_ha,connected_habitat_pct,median_tortuosity,mean_tortuosity,aoi_total_ha,habitat_ha_in_aoi,habitat_coverage_pct,nodes_in_aoi,cores_in_aoi,islets_in_aoi
c10_p20,Perpignan,ground_reptile,691.0,12.0,196.0,1177.0,1.0,14.0,13.0,181.0,1082.0,275.0,0.0099220170191097,0.0015571214111462,84.30640253743489,676.3,267.9,22.9,1.4142135623730951,2.0415267248552187,6789.5,1167.8,17.2,605.0,91.0,514.0
c10_p20,Perpignan,ground_mammal,532.0,0.0,525.0,1421.0,1.0,1.0,0.0,507.0,1073.0,7.0,0.144440410215046,0.0626755658128712,56.60801176100338,2580.4,1699.7,64.1,1.5987062412841166,3.2751123507374165,6789.5,2651.8,39.1,510.0,119.0,391.0
fric_p20,Perpignan,ground_mammal,532.0,0.0,525.0,1421.0,1.0,1.0,0.0,507.0,1059.0,23.0,0.144440410215046,0.0565803741751375,60.82787767571457,2580.4,1615.0,60.9,1.60947570824873,3.378954444057048,6789.5,2651.8,39.1,510.0,119.0,391.0
fric_p20,Perpignan,ground_reptile,691.0,17.0,196.0,1177.0,1.0,19.0,18.0,168.0,1041.0,317.0,0.0099220170191097,0.0013875171488338,86.01577535936997,676.3,252.9,21.7,1.412811624583021,2.0302969361001613,6789.5,1167.8,17.2,605.0,91.0,514.0
fric_p20,Perpignan,forest_edge_bird,739.0,5.0,363.0,1844.0,1.0,9.0,8.0,315.0,1231.0,195.0,0.0281841950059536,0.0028135206596118,90.01738151819674,1139.8,360.1,25.3,1.4139073890260647,1.7748191389258017,6789.5,1424.4,21.0,682.0,110.0,572.0
fric_p20,Perpignan,arboreal_mammal,627.0,2.0,280.0,1979.0,1.0,5.0,4.0,317.0,1084.0,124.0,0.0071678785057806,0.0007949900917294,88.9089904204105,574.8,191.4,25.4,1.368304881989996,1.746454356636433,6789.5,753.2,11.1,575.0,72.0,503.0
fric_p20,LaRochelle,ground_mammal,2161.0,0.0,614.0,3002.0,1.0,1.0,0.0,2117.0,4352.0,37.0,0.0281850282595752,0.0057516823392736,79.59312906731012,5554.2,2509.1,38.3,1.4387239731236394,1.8793154427735268,33083.8,6555.6,19.8,2122.0,301.0,1821.0
fric_p20,LaRochelle,ground_reptile,2219.0,48.0,287.0,2265.0,1.0,32.0,31.0,759.0,3326.0,1047.0,0.0067345722251939,0.0022406167539681,66.7296350971484,2715.0,1566.0,32.2,1.4714045207910318,2.04827668504406,33083.8,4857.5,14.7,2170.0,216.0,1954.0
fric_p20,Kourou,ground_reptile,297.0,5.0,88.0,309.0,1.0,3.0,2.0,184.0,458.0,81.0,0.0091411280355412,0.0046218314853281,49.43915600614927,1172.3,833.6,44.4,1.4142135623730951,1.998874437268605,12261.1,1876.1,15.3,286.0,65.0,221.0
fric_p20,Kourou,arboreal_mammal,211.0,0.0,89.0,322.0,1.0,1.0,0.0,200.0,402.0,19.0,0.1331037040569983,0.0869417321624216,34.681207575417275,4473.2,3615.3,79.2,1.2066335075634582,1.4745137712757386,12261.1,4565.0,37.2,200.0,50.0,150.0
fric_p20,Kourou,forest_edge_bird,212.0,2.0,79.0,285.0,1.0,1.0,0.0,195.0,380.0,44.0,0.1293452575652252,0.0588828839859724,54.47619410686204,4409.6,2975.2,65.2,1.1421871768106595,1.318728118488776,12261.1,4564.7,37.2,201.0,51.0,150.0
fric_p20,Kourou,ground_mammal,156.0,0.0,32.0,223.0,1.0,2.0,1.0,97.0,277.0,38.0,0.2729053590299438,0.1351325410604918,50.48373489592601,6405.2,4507.2,69.8,1.4142135623730951,1.8038643937247223,12261.1,6458.1,52.7,150.0,25.0,125.0
fric_p20,Nancy,ground_mammal,1175.0,1.0,424.0,1839.0,1.0,1.0,0.0,1161.0,2631.0,6.0,0.2230278123529433,0.1069963831500064,52.02554245535808,6746.6,4672.9,67.5,1.6014810329610556,2.757694506546479,14285.8,6925.7,48.5,1163.0,159.0,1004.0
swd0_125,Kourou,ground_mammal,156.0,0.0,32.0,223.0,1.0,2.0,1.0,97.0,278.0,37.0,0.2737578650013963,0.1361886894527597,50.25213633512773,6415.2,4524.8,70.1,1.4142135623730951,1.800379701570574,12261.1,6458.6,52.7,150.0,25.0,125.0
swd0_125,Kourou,ground_reptile,297.0,3.0,101.0,330.0,1.0,4.0,3.0,185.0,495.0,50.0,0.0101981646820453,0.0051373217840935,49.62503603086322,1238.2,878.8,46.8,1.4142135623730951,1.9882737149372112,12261.1,1876.2,15.3,286.0,65.0,221.0
swd0_125,Kourou,forest_edge_bird,211.0,0.0,84.0,311.0,1.0,1.0,0.0,200.0,403.0,18.0,0.132054615190281,0.0811440684805578,38.55264477986234,4455.6,3492.7,76.5,1.1428571428571428,1.324521443610887,12261.1,4564.1,37.2,200.0,50.0,150.0
swd0_125,Kourou,arboreal_mammal,210.0,0.0,98.0,346.0,1.0,1.0,0.0,199.0,412.0,3.0,0.1343145057012311,0.0944634701765636,29.66994169141498,4493.5,3768.4,82.6,1.2033249608310137,1.4859477829315322,12261.1,4563.6,37.2,199.0,49.0,150.0
swd0_125,Perpignan,ground_mammal,532.0,0.0,526.0,1424.0,1.0,1.0,0.0,507.0,1079.0,3.0,0.146006481213487,0.0717850115682658,50.83436641192412,2594.3,1819.1,68.6,1.60947570824873,3.356677706535787,6789.5,2651.8,39.1,510.0,119.0,391.0
c40_m20,Perpignan,ground_reptile,691.0,11.0,196.0,1177.0,1.0,14.0,13.0,181.0,1087.0,267.0,0.0099220170191097,0.0015954956576034,83.91964401461338,676.3,271.2,23.2,1.4045973234677842,2.0172234864499616,6789.5,1167.8,17.2,605.0,91.0,514.0
c40_m20,Perpignan,ground_mammal,532.0,0.0,525.0,1421.0,1.0,1.0,0.0,507.0,1074.0,7.0,0.144440410215046,0.0635581547288944,55.99697159938295,2580.4,1711.7,64.5,1.60947570824873,3.3663429073878044,6789.5,2651.8,39.1,510.0,119.0,391.0
c50_p20,Perpignan,ground_reptile,691.0,12.0,196.0,1177.0,1.0,15.0,14.0,177.0,1083.0,276.0,0.0099220170191097,0.0015793214746764,84.08265706826857,676.3,269.8,23.1,1.4142135623730951,2.0488986421981528,6789.5,1167.8,17.2,605.0,91.0,514.0
c50_p20,Perpignan,ground_mammal,532.0,0.0,525.0,1421.0,1.0,1.0,0.0,507.0,1073.0,8.0,0.144440410215046,0.0628292964466324,56.50157988814156,2580.4,1701.8,64.2,1.6251448655694638,3.38587900732862,6789.5,2651.8,39.1,510.0,119.0,391.0
swd0_090,Kourou,arboreal_mammal,211.0,0.0,84.0,300.0,1.0,1.0,0.0,200.0,406.0,15.0,0.1315495590689407,0.0846914384646085,35.620127453088166,4447.1,3568.2,78.2,1.2033249608310137,1.4747641342943916,12261.1,4563.7,37.2,200.0,50.0,150.0
swd0_090,Kourou,ground_mammal,156.0,0.0,31.0,216.0,1.0,2.0,1.0,97.0,278.0,37.0,0.2723968639480192,0.1348836569522096,50.482668927514105,6399.2,4503.1,69.7,1.4142135623730951,1.806544417705782,12261.1,6457.1,52.7,150.0,25.0,125.0
swd0_090,Kourou,forest_edge_bird,212.0,2.0,76.0,271.0,1.0,1.0,0.0,195.0,384.0,41.0,0.1273252413177819,0.0561455150616179,55.9038612607155,4375.1,2905.3,63.7,1.1421871768106595,1.3201332310678071,12261.1,4564.0,37.2,201.0,51.0,150.0
swd0_090,Kourou,ground_reptile,297.0,4.0,85.0,299.0,3.0,4.0,1.0,184.0,468.0,68.0,0.0087218971538039,0.0047042511217221,46.06390056238593,1145.1,841.0,44.8,1.4142135623730951,1.9867841267594104,12261.1,1876.0,15.3,286.0,65.0,221.0
swd0_090,Toulouse,ground_mammal,4733.0,2.0,1428.0,7635.0,1.0,1.0,0.0,4671.0,10356.0,13.0,0.0910611620296239,0.0253151437450826,,13907.5,7332.8,49.2,1.6165148348905798,2.443208577676487,46087.4,14891.0,32.3,4679.0,570.0,4109.0
swd0_090,Toulouse,arboreal_mammal,4769.0,0.0,833.0,7393.0,1.0,1.0,0.0,4673.0,9867.0,152.0,0.0222679082422821,0.0025417343987612,,6877.4,2323.5,25.4,1.5,2.0378008448129545,46087.4,9161.4,19.9,4681.0,404.0,4277.0
swd0_090,Toulouse,forest_edge_bird,4769.0,4.0,710.0,6663.0,1.0,3.0,2.0,4658.0,9519.0,480.0,0.0184630709443675,0.0016581257857192,,6262.3,1876.7,20.5,1.4142135623730951,1.7679645184501096,46087.4,9160.7,19.9,4681.0,404.0,4277.0
swd0_090,Toulouse,ground_reptile,3576.0,56.0,651.0,4095.0,1.0,9.0,8.0,3280.0,5944.0,1208.0,0.0007267845999653,8.398169596630886e-05,,1242.5,422.4,8.3,1.3958825812797109,1.8287895268808436,46087.4,5112.2,11.1,3405.0,467.0,2938.0
swd0_090,Nancy,forest_edge_bird,1211.0,1.0,212.0,1639.0,1.0,2.0,1.0,1181.0,2476.0,95.0,0.0859392197630994,0.0297465135005105,,4187.9,2463.9,52.0,1.4142135623730951,1.7333800934460135,14285.8,4734.6,33.1,1189.0,121.0,1068.0
swd0_090,Nancy,ground_mammal,1175.0,1.0,390.0,1733.0,1.0,1.0,0.0,1161.0,2631.0,6.0,0.2217603989496588,0.111588764819773,,6727.4,4772.2,68.9,1.6014810329610556,2.7577143053530127,14285.8,6925.2,48.5,1163.0,159.0,1004.0
swd0_090,Nancy,arboreal_mammal,1211.0,0.0,243.0,1838.0,1.0,1.0,0.0,1186.0,2553.0,21.0,0.0908942738835951,0.033606277827291,,4307.0,2618.9,55.3,1.4670082121375128,2.0163972032132267,14285.8,4735.0,33.1,1189.0,121.0,1068.0
swd0_090,Nancy,ground_reptile,825.0,16.0,188.0,864.0,1.0,13.0,12.0,569.0,1289.0,320.0,0.0071094723354449,0.0010412049337674,,1204.5,461.0,22.3,1.4082912447176388,1.9742895856501512,14285.8,2070.1,14.5,793.0,127.0,666.0
swd0_090,LaRochelle,forest_edge_bird,1045.0,41.0,200.0,1235.0,1.0,36.0,35.0,372.0,1340.0,539.0,0.0002089226528293,4.3429445783794393e-05,,478.2,218.0,14.7,1.2421026305365257,1.4550267652024165,33083.8,1478.9,4.5,1015.0,124.0,891.0
swd0_090,LaRochelle,ground_reptile,2219.0,40.0,280.0,2237.0,1.0,21.0,20.0,1717.0,3437.0,929.0,0.006437519206729,0.0023126807136676,,2654.5,1591.0,32.8,1.4719382459236294,2.051522452759144,33083.8,4857.4,14.7,2170.0,216.0,1954.0
swd0_090,LaRochelle,arboreal_mammal,1045.0,7.0,227.0,1361.0,1.0,16.0,15.0,560.0,1574.0,311.0,0.0002875183849237,5.532188027795503e-05,,561.0,246.1,16.6,1.3134607549417567,1.579522391723479,33083.8,1478.9,4.5,1015.0,124.0,891.0
swd0_090,LaRochelle,ground_mammal,2160.0,0.0,564.0,2898.0,1.0,1.0,0.0,2117.0,4364.0,24.0,0.0272674628392803,0.0059830229102275,,5463.1,2559.0,39.0,1.436381078280134,1.88043379627748,33083.8,6555.6,19.8,2122.0,301.0,1821.0
swd0_090,Perpignan,ground_mammal,532.0,0.0,480.0,1357.0,1.0,1.0,0.0,507.0,1068.0,14.0,0.1435583247233468,0.059247951482191,58.72900328394847,2572.5,1652.6,62.3,1.60947570824873,3.365677850392453,6789.5,2651.8,39.1,510.0,119.0,391.0
swd0_090,Perpignan,ground_reptile,691.0,14.0,188.0,1121.0,1.0,15.0,14.0,177.0,1065.0,289.0,0.0081885265382179,0.0014654194018795,,614.4,259.9,22.3,1.4135639150289374,2.0338434558661014,6789.5,1167.8,17.2,605.0,91.0,514.0
swd0_090,Perpignan,forest_edge_bird,739.0,4.0,331.0,1710.0,1.0,8.0,7.0,316.0,1252.0,174.0,0.0269474690113403,0.002997107004612,,1114.5,371.7,26.1,1.4142135623730951,1.7966541999836778,6789.5,1424.4,21.0,682.0,110.0,572.0
swd0_090,Perpignan,arboreal_mammal,627.0,2.0,262.0,1813.0,1.0,4.0,3.0,541.0,1105.0,103.0,0.0068097312056093,0.0008554845944117,,560.3,198.6,26.4,1.3691714367453716,1.745930078225848,6789.5,753.2,11.1,575.0,72.0,503.0
swd0_090,LRSY,ground_mammal,2086.0,1.0,1381.0,3645.0,1.0,1.0,0.0,2032.0,4537.0,1.0,0.2462251736609835,0.1664922847374388,,24918.0,20490.1,81.3,1.658222432196311,2.809833680346081,50216.7,25208.3,50.2,2039.0,524.0,1515.0
swd0_090,LRSY,ground_reptile,4659.0,9.0,1441.0,4441.0,1.0,4.0,3.0,4428.0,9227.0,642.0,0.0252840185602041,0.0018808109490951,,7984.9,2177.8,15.2,1.4142135623730951,2.045232044069805,50216.7,14348.9,28.6,4465.0,1115.0,3350.0
swd0_090,LRSY,forest_edge_bird,4545.0,1.0,917.0,5932.0,1.0,1.0,0.0,4456.0,9336.0,255.0,0.0206402037673731,0.0013206718610098,,7214.5,1824.9,18.3,1.2695743371578037,1.5863908352456042,50216.7,9974.9,19.9,4463.0,591.0,3872.0
swd0_090,LRSY,arboreal_mammal,4545.0,0.0,1014.0,6636.0,1.0,1.0,0.0,4459.0,9561.0,60.0,0.0240326983748047,0.002609642283546,,7784.8,2565.3,25.7,1.3838604660847271,1.8873388540246023,50216.7,9975.0,19.9,4463.0,591.0,3872.0
swfc_075,Perpignan,ground_mammal,532.0,0.0,525.0,1421.0,1.0,1.0,0.0,507.0,1075.0,3.0,0.144440410215046,0.0716919809149522,50.365703885626175,2580.4,1817.9,68.6,1.5586004879802795,3.1169166715298773,6789.5,2651.8,39.1,510.0,119.0,391.0
swfc_075,Perpignan,arboreal_mammal,627.0,0.0,280.0,1979.0,1.0,1.0,0.0,573.0,1173.0,35.0,0.0071678785057806,0.0011871593540615,83.43778632542237,574.8,233.9,31.1,1.3624195324507224,1.664875288158905,6789.5,753.2,11.1,575.0,72.0,503.0
swfc_075,Perpignan,ground_reptile,691.0,7.0,196.0,1177.0,1.0,13.0,12.0,189.0,1130.0,215.0,0.0099220170191097,0.0018273025784046,81.58335573416939,676.3,290.2,24.9,1.3838834764831844,1.9871416688467944,6789.5,1167.8,17.2,605.0,91.0,514.0
swfc_075,Perpignan,forest_edge_bird,739.0,1.0,363.0,1844.0,1.0,2.0,1.0,674.0,1346.0,80.0,0.0281841950059536,0.004028994239512,85.70477447143364,1139.8,431.0,30.3,1.3921553180895236,1.7255175361840192,6789.5,1424.4,21.0,682.0,110.0,572.0
swfc_075,Nancy,arboreal_mammal,1211.0,0.0,257.0,1911.0,1.0,1.0,0.0,1186.0,2573.0,2.0,0.0925004620787487,0.0386208099992802,,4344.9,2807.5,59.3,1.4428090415820634,1.90202365349386,14285.8,4735.0,33.1,1189.0,121.0,1068.0
swfc_075,Nancy,ground_reptile,826.0,6.0,194.0,905.0,1.0,3.0,2.0,774.0,1415.0,199.0,0.0076765152617611,0.0013160826766135,,1251.7,518.3,25.0,1.3838617286778727,1.9156399550327103,14285.8,2070.0,14.5,793.0,127.0,666.0
swfc_075,Nancy,ground_mammal,1175.0,1.0,424.0,1839.0,1.0,1.0,0.0,1161.0,2630.0,6.0,0.2230278123529433,0.1322026869155178,,6746.6,5194.3,75.0,1.5606601717798214,2.5934721679774704,14285.8,6925.7,48.5,1163.0,159.0,1004.0
swfc_075,Nancy,forest_edge_bird,1211.0,0.0,220.0,1699.0,1.0,1.0,0.0,1186.0,2545.0,25.0,0.0878538289069363,0.0326414714868115,,4234.3,2581.0,54.5,1.3944779537086769,1.6825369352485224,14285.8,4735.1,33.1,1189.0,121.0,1068.0
swfc_075,LRSY,arboreal_mammal,4545.0,0.0,1062.0,6896.0,1.0,1.0,0.0,4459.0,9602.0,11.0,0.0252138033179674,0.0039210778742562,,7973.8,3144.5,31.5,1.3513402888136052,1.7521858998728008,50216.7,9975.0,19.9,4463.0,591.0,3872.0
swfc_075,LRSY,ground_mammal,2086.0,1.0,1475.0,3881.0,1.0,1.0,0.0,2032.0,4537.0,1.0,0.2467937935069572,0.1831932812305853,,24946.8,21493.3,85.3,1.5784644481938788,2.508328261794736,50216.7,25208.1,50.2,2039.0,524.0,1515.0
swfc_075,LRSY,ground_reptile,4659.0,2.0,1483.0,4544.0,1.0,3.0,2.0,4434.0,9548.0,318.0,0.0277872435924384,0.0026974663952958,,8370.9,2608.1,18.2,1.3924751332495382,1.926165456138573,50216.7,14348.9,28.6,4465.0,1115.0,3350.0
swfc_075,LRSY,forest_edge_bird,4545.0,0.0,956.0,6148.0,1.0,1.0,0.0,4458.0,9525.0,62.0,0.0219258516314309,0.0019347717145586,,7435.8,2208.8,22.1,1.258761572243508,1.5521418354253782,50216.7,9974.9,19.9,4463.0,591.0,3872.0
swfc_075,Toulouse,ground_mammal,4733.0,2.0,1526.0,7974.0,1.0,1.0,0.0,4671.0,10361.0,3.0,0.0922808253372214,0.032812031014114,,14000.3,8348.3,56.1,1.5689823374171608,2.308318838753328,46087.4,14891.1,32.3,4679.0,570.0,4109.0
swfc_075,Toulouse,forest_edge_bird,4769.0,0.0,746.0,6885.0,1.0,1.0,0.0,4676.0,9855.0,145.0,0.0201347450988623,0.0022631259569571,,6539.7,2192.5,23.9,1.4067481149605914,1.7178407634663304,46087.4,9161.1,19.9,4681.0,404.0,4277.0
swfc_075,Toulouse,ground_reptile,3577.0,20.0,664.0,4244.0,1.0,4.0,3.0,3356.0,6455.0,696.0,0.0008348706821107,0.0001096612362908,,1331.7,482.6,9.4,1.365685424949238,1.751748296028148,46087.4,5112.2,11.1,3405.0,467.0,2938.0
swfc_075,Toulouse,arboreal_mammal,4769.0,0.0,894.0,7657.0,1.0,1.0,0.0,4678.0,9993.0,23.0,0.0234548088476042,0.003498510772365,,7058.3,2726.0,29.8,1.4571067811865477,1.933423142311219,46087.4,9161.2,19.9,4681.0,404.0,4277.0
swfc_075,LaRochelle,ground_mammal,2161.0,0.0,614.0,3002.0,1.0,1.0,0.0,2117.0,4376.0,12.0,0.0281850282595752,0.0072201463506747,,5554.2,2811.2,42.9,1.4142135623730951,1.8326605721266012,33083.8,6555.6,19.8,2122.0,301.0,1821.0
swfc_075,LaRochelle,ground_reptile,2219.0,7.0,287.0,2265.0,1.0,6.0,5.0,1902.0,3826.0,545.0,0.0067345722251939,0.0026324853388605,,2715.0,1697.5,34.9,1.448528137423857,1.9282526316039397,33083.8,4857.5,14.7,2170.0,216.0,1954.0
swfc_075,LaRochelle,forest_edge_bird,1045.0,5.0,206.0,1284.0,1.0,16.0,15.0,735.0,1569.0,311.0,0.0002337931191182,5.064713961237208e-05,,505.9,235.4,15.9,1.2289401163771494,1.4207555868767543,33083.8,1478.9,4.5,1015.0,124.0,891.0
swfc_075,LaRochelle,arboreal_mammal,1046.0,1.0,238.0,1438.0,1.0,7.0,6.0,967.0,1728.0,158.0,0.0003269143163134,6.606498379797887e-05,,598.2,268.9,18.2,1.2812349634046902,1.5119217534120288,33083.8,1478.9,4.5,1015.0,124.0,891.0
swfc_075,Kourou,ground_mammal,156.0,0.0,32.0,223.0,1.0,2.0,1.0,97.0,278.0,37.0,0.2729053590299438,0.1361033857270167,50.12799081307774,6405.2,4523.4,70.0,1.4136012156790343,1.7110251326067618,12261.1,6458.1,52.7,150.0,25.0,125.0
swfc_075,Kourou,ground_reptile,297.0,3.0,88.0,309.0,1.0,4.0,3.0,185.0,493.0,46.0,0.0091411280355412,0.0051217198562235,43.97059272870922,1172.3,877.5,46.8,1.4026650429449554,1.8461092914702415,12261.1,1876.1,15.3,286.0,65.0,221.0
swfc_075,Kourou,arboreal_mammal,211.0,0.0,89.0,322.0,1.0,1.0,0.0,200.0,418.0,3.0,0.1331037040569983,0.0991991710150993,25.47226862099966,4473.2,3861.7,84.6,1.194179230566729,1.4292895942122967,12261.1,4565.0,37.2,200.0,50.0,150.0
swfc_075,Kourou,forest_edge_bird,212.0,0.0,79.0,285.0,1.0,1.0,0.0,201.0,406.0,17.0,0.1293452575652252,0.0739873810109197,42.79853594662333,4409.6,3335.1,73.1,1.1319474888904764,1.309915113320946,12261.1,4564.7,37.2,201.0,51.0,150.0
c90_p20,Perpignan,ground_mammal,532.0,0.0,525.0,1421.0,1.0,1.0,0.0,507.0,1075.0,7.0,0.144440410215046,0.0632217956890562,56.229842053944445,2580.4,1707.1,64.4,1.610552493276995,3.3645875390883826,6789.5,2651.8,39.1,510.0,119.0,391.0
c90_p20,Perpignan,ground_reptile,691.0,11.0,196.0,1177.0,1.0,14.0,13.0,181.0,1088.0,270.0,0.0099220170191097,0.001582626938973,84.04934262937755,676.3,270.1,23.1,1.4136012156790343,2.037625966135621,6789.5,1167.8,17.2,605.0,91.0,514.0
c51_m20,Perpignan,ground_mammal,532.0,0.0,525.0,1421.0,1.0,1.0,0.0,507.0,1075.0,7.0,0.144440410215046,0.0632217956890562,56.229842053944445,2580.4,1707.1,64.4,1.610552493276995,3.3645875390883826,6789.5,2651.8,39.1,510.0,119.0,391.0
c51_m20,Perpignan,ground_reptile,691.0,11.0,196.0,1177.0,1.0,14.0,13.0,181.0,1088.0,270.0,0.0099220170191097,0.0015826271232094,84.04934077253364,676.3,270.1,23.1,1.4136012156790343,2.037625966135621,6789.5,1167.8,17.2,605.0,91.0,514.0
c80_m20,Perpignan,ground_reptile,691.0,11.0,196.0,1177.0,1.0,14.0,13.0,181.0,1088.0,270.0,0.0099220170191097,0.0015826271232094,84.04934077253364,676.3,270.1,23.1,1.4136012156790343,2.037625966135621,6789.5,1167.8,17.2,605.0,91.0,514.0
c80_m20,Perpignan,ground_mammal,532.0,0.0,525.0,1421.0,1.0,1.0,0.0,507.0,1075.0,7.0,0.144440410215046,0.0632217956890562,56.229842053944445,2580.4,1707.1,64.4,1.610552493276995,3.3645875390883826,6789.5,2651.8,39.1,510.0,119.0,391.0
swd0_110,LaRochelle,ground_reptile,2219.0,17.0,287.0,2309.0,1.0,9.0,8.0,1869.0,3682.0,693.0,0.0070401618621623,0.0025200506843483,,2775.9,1660.8,34.2,1.4714045207910318,2.041760221485776,33083.8,4857.1,14.7,2170.0,216.0,1954.0
swd0_110,LaRochelle,forest_edge_bird,1045.0,14.0,212.0,1327.0,1.0,23.0,22.0,540.0,1468.0,411.0,0.0002596064619846,4.73881753873384e-05,,533.1,227.7,15.4,1.2380452868627552,1.4431535337632335,33083.8,1478.9,4.5,1015.0,124.0,891.0
swd0_110,LaRochelle,arboreal_mammal,1047.0,2.0,243.0,1498.0,1.0,8.0,7.0,821.0,1684.0,203.0,0.0003685208655776,6.161168091605542e-05,,635.1,259.7,17.6,1.3032759252836128,1.5616981758590165,33083.8,1478.9,4.5,1015.0,124.0,891.0
swd0_110,LaRochelle,ground_mammal,2161.0,0.0,614.0,3003.0,1.0,1.0,0.0,2117.0,4375.0,14.0,0.0289740906804144,0.0066680452669248,,5631.5,2701.6,41.2,1.4359814795034758,1.8794789989909435,33083.8,6555.6,19.8,2122.0,301.0,1821.0
swd0_110,LRSY,ground_reptile,4659.0,4.0,1526.0,4653.0,1.0,3.0,2.0,4432.0,9454.0,417.0,0.0301509061577169,0.0024014689074695,,8719.6,2460.9,17.2,1.4142135623730951,2.051757432284896,50216.7,14349.0,28.6,4465.0,1115.0,3350.0
swd0_110,LRSY,forest_edge_bird,4545.0,0.0,987.0,6391.0,1.0,1.0,0.0,4458.0,9473.0,118.0,0.0230550863687403,0.0016482298178668,,7624.8,2038.7,20.4,1.2685365102923685,1.584194027316919,50216.7,9975.0,19.9,4463.0,591.0,3872.0
swd0_110,LRSY,ground_mammal,2086.0,1.0,1478.0,3882.0,1.0,1.0,0.0,2032.0,4537.0,1.0,0.2472602373538081,0.1779425123959973,,24970.4,21183.0,84.0,1.658222432196311,2.809833680346081,50216.7,25208.1,50.2,2039.0,524.0,1515.0
swd0_110,LRSY,arboreal_mammal,4545.0,0.0,1115.0,7206.0,1.0,1.0,0.0,4459.0,9598.0,23.0,0.0261996373559823,0.0033925858944659,,8128.2,2924.9,29.3,1.38383745568627,1.8864269729557088,50216.7,9975.0,19.9,4463.0,591.0,3872.0
swd0_110,Nancy,ground_mammal,1175.0,1.0,424.0,1839.0,1.0,1.0,0.0,1161.0,2631.0,6.0,0.2240735722537684,0.1244670935687938,,6762.4,5040.0,72.8,1.6014810329610556,2.7577143053530127,14285.8,6925.7,48.5,1163.0,159.0,1004.0
swd0_110,Nancy,arboreal_mammal,1211.0,0.0,285.0,1979.0,1.0,1.0,0.0,1186.0,2570.0,4.0,0.0938524401184108,0.0365077127557725,,4376.5,2729.6,57.6,1.4681974888567488,2.0194292324929437,14285.8,4735.0,33.1,1189.0,121.0,1068.0
swd0_110,Nancy,forest_edge_bird,1211.0,0.0,231.0,1770.0,1.0,1.0,0.0,1186.0,2528.0,43.0,0.0894863067993509,0.0309669070226771,,4273.5,2513.9,53.1,1.4136012156790343,1.7409030564629575,14285.8,4735.1,33.1,1189.0,121.0,1068.0
swd0_110,Nancy,ground_reptile,826.0,8.0,203.0,944.0,1.0,2.0,1.0,772.0,1384.0,233.0,0.0082104222262424,0.0012148528380226,,1294.5,497.9,24.1,1.4047378541243651,1.968455693883762,14285.8,2070.0,14.5,793.0,127.0,666.0
swd0_110,Perpignan,forest_edge_bird,739.0,1.0,395.0,1959.0,1.0,4.0,3.0,341.0,1302.0,124.0,0.0292585287511517,0.0035414173576909,,1161.3,404.0,28.4,1.4142135623730951,1.7956120898011438,6789.5,1424.4,21.0,682.0,110.0,572.0
swd0_110,Perpignan,arboreal_mammal,627.0,2.0,298.0,2125.0,1.0,2.0,1.0,558.0,1148.0,60.0,0.0074841842783383,0.0010389649742806,,587.4,218.8,29.1,1.3713579204755222,1.75077916240965,6789.5,753.2,11.1,575.0,72.0,503.0
swd0_110,Perpignan,ground_reptile,691.0,11.0,209.0,1258.0,1.0,14.0,13.0,181.0,1111.0,246.0,0.012136970604592,0.0017466137271138,,748.0,283.7,24.3,1.4142135623730951,2.092638457772414,6789.5,1167.8,17.2,605.0,91.0,514.0
swd0_110,Perpignan,ground_mammal,532.0,0.0,526.0,1424.0,1.0,1.0,0.0,507.0,1077.0,5.0,0.1451488531664237,0.0668331902196143,53.95541283196691,2586.7,1755.2,66.2,1.60947570824873,3.360696518327201,6789.5,2651.8,39.1,510.0,119.0,391.0
swd0_110,Toulouse,arboreal_mammal,4769.0,0.0,937.0,7907.0,1.0,1.0,0.0,4676.0,9953.0,66.0,0.0244937152479068,0.0030920428647329,,7212.9,2562.7,28.0,1.5,2.0368852937174444,46087.4,9160.8,19.9,4681.0,404.0,4277.0
swd0_110,Toulouse,forest_edge_bird,4769.0,0.0,786.0,7148.0,1.0,2.0,1.0,4670.0,9744.0,256.0,0.0212559102525209,0.0019806188508576,,6719.3,2051.1,22.4,1.4142135623730951,1.7641635006389838,46087.4,9161.3,19.9,4681.0,404.0,4277.0
swd0_110,Toulouse,ground_mammal,4733.0,2.0,1527.0,7976.0,1.0,1.0,0.0,4671.0,10364.0,5.0,0.0932962028233765,0.0299489749303482,,14077.1,7975.8,53.6,1.6165148348905798,2.454137820879324,46087.4,14891.2,32.3,4679.0,570.0,4109.0
swd0_110,Toulouse,ground_reptile,3577.0,29.0,691.0,4375.0,1.0,7.0,6.0,3333.0,6300.0,854.0,0.0009451309940508,9.992629867637108e-05,,1416.9,460.7,9.0,1.390090325977491,1.8317412687394865,46087.4,5112.2,11.1,3405.0,467.0,2938.0
swd0_110,Kourou,forest_edge_bird,212.0,0.0,79.0,295.0,1.0,1.0,0.0,201.0,397.0,27.0,0.1306550883355386,0.0708291888114671,45.789184551642606,4431.9,3263.1,71.5,1.1414213562373094,1.3208061309882573,12261.1,4565.4,37.2,201.0,51.0,150.0
swd0_110,Kourou,arboreal_mammal,210.0,0.0,92.0,335.0,1.0,1.0,0.0,199.0,407.0,8.0,0.1337837603797521,0.0923833119068251,30.94579518127582,4484.7,3726.7,81.7,1.2071067811865477,1.4802961903137093,12261.1,4563.7,37.2,199.0,49.0,150.0
swd0_110,Kourou,ground_reptile,297.0,3.0,95.0,314.0,1.0,4.0,3.0,185.0,485.0,57.0,0.0095185119360738,0.00495657380995,47.92700956579923,1196.2,863.2,46.0,1.4142135623730951,1.987863491668824,12261.1,1876.2,15.3,286.0,65.0,221.0
swd0_110,Kourou,ground_mammal,156.0,0.0,32.0,223.0,1.0,2.0,1.0,97.0,278.0,37.0,0.2732916823530697,0.1358828336422758,50.279191641578514,6409.7,4519.7,70.0,1.4142135623730951,1.800379701570574,12261.1,6458.6,52.7,150.0,25.0,125.0
swd0_060,LaRochelle,ground_reptile,2212.0,129.0,260.0,2133.0,1.0,68.0,67.0,449.0,2878.0,1400.0,0.0054481723517949,0.0019713423492347,,2442.0,1468.9,30.2,1.489458200324129,2.078394722139284,33083.8,4857.1,14.7,2170.0,216.0,1954.0
swd0_060,LaRochelle,arboreal_mammal,1044.0,42.0,189.0,1198.0,1.0,37.0,36.0,372.0,1328.0,556.0,0.0001847718370993,4.57633000392586e-05,,449.7,223.8,15.1,1.3279008245830468,1.6076659384368288,33083.8,1478.9,4.5,1015.0,124.0,891.0
swd0_060,LaRochelle,forest_edge_bird,1042.0,111.0,169.0,1108.0,1.0,61.0,60.0,131.0,1073.0,786.0,0.0001390073403156,3.745756880852793e-05,,390.1,202.5,13.7,1.2649110640673518,1.4806451826964102,33083.8,1478.9,4.5,1015.0,124.0,891.0
swd0_060,LaRochelle,ground_mammal,2160.0,0.0,464.0,2494.0,1.0,2.0,1.0,2114.0,4256.0,132.0,0.0218680026524839,0.0048613212852495,,4892.4,2306.7,35.2,1.448528137423857,1.882340500945186,33083.8,6555.6,19.8,2122.0,301.0,1821.0
swd0_060,Toulouse,ground_reptile,3571.0,148.0,592.0,3699.0,1.0,77.0,76.0,851.0,5020.0,2084.0,0.0004274059185543,6.245598259687834e-05,,952.8,364.2,7.1,1.3977047930127542,1.8332182824171417,46087.4,5112.2,11.1,3405.0,467.0,2938.0
swd0_060,Toulouse,arboreal_mammal,4769.0,9.0,680.0,6421.0,1.0,3.0,2.0,4652.0,9483.0,535.0,0.0170450881693353,0.0017497336154635,,6017.0,1927.8,21.0,1.5,2.046771758996233,46087.4,9160.9,19.9,4681.0,404.0,4277.0
swd0_060,Toulouse,forest_edge_bird,4769.0,30.0,588.0,5896.0,1.0,13.0,12.0,4538.0,8710.0,1287.0,0.0124811173575519,0.0012107288012663,,5148.8,1603.6,17.5,1.4142135623730951,1.7700516323156472,46087.4,9161.3,19.9,4681.0,404.0,4277.0
swd0_060,Toulouse,ground_mammal,4733.0,2.0,1135.0,6621.0,1.0,1.0,0.0,4671.0,10303.0,66.0,0.0849145818723022,0.0178057978665459,,13429.9,6149.8,41.3,1.6165148348905798,2.411540911433947,46087.4,14891.5,32.3,4679.0,570.0,4109.0
swd0_060,Nancy,forest_edge_bird,1211.0,6.0,178.0,1455.0,1.0,5.0,4.0,1155.0,2266.0,305.0,0.0775383015251013,0.0249012124815837,,3978.0,2254.3,47.6,1.4142135623730951,1.7475369620201155,14285.8,4734.7,33.1,1189.0,121.0,1068.0
swd0_060,Nancy,ground_mammal,1175.0,1.0,318.0,1524.0,1.0,1.0,0.0,1161.0,2619.0,18.0,0.2146789736097511,0.080627650772778,,6619.1,4056.5,58.6,1.6006907622758766,2.701640617185219,14285.8,6925.5,48.5,1163.0,159.0,1004.0
swd0_060,Nancy,ground_reptile,822.0,39.0,170.0,792.0,1.0,23.0,22.0,401.0,1099.0,489.0,0.0049729307242449,0.0008121156211508,,1007.4,407.1,19.7,1.4142135623730951,1.895788445415786,14285.8,2069.9,14.5,793.0,127.0,666.0
swd0_060,Nancy,arboreal_mammal,1211.0,2.0,209.0,1588.0,1.0,1.0,0.0,1184.0,2487.0,87.0,0.0836635639085072,0.0294296949345063,,4132.1,2450.7,51.8,1.469386765575985,2.01298621930608,14285.8,4735.0,33.1,1189.0,121.0,1068.0
swd0_060,Kourou,arboreal_mammal,212.0,1.0,70.0,263.0,1.0,1.0,0.0,200.0,381.0,43.0,0.126529632550709,0.0665713404893939,47.38675901653765,4361.4,3163.5,69.3,1.206160233940369,1.4669781218189797,12261.1,4563.2,37.2,201.0,51.0,150.0
swd0_060,Kourou,ground_reptile,297.0,15.0,79.0,269.0,4.0,6.0,2.0,175.0,416.0,114.0,0.0073585928830178,0.0043208164702224,41.28202852213744,1051.8,806.0,43.0,1.4142135623730951,2.067574296645405,12261.1,1876.0,15.3,286.0,65.0,221.0
swd0_060,Kourou,ground_mammal,155.0,0.0,30.0,204.0,1.0,3.0,2.0,95.0,268.0,49.0,0.2683514536280121,0.1332042109919406,50.36203113824459,6351.5,4474.9,69.3,1.4142135623730951,1.8032572463870424,12261.1,6458.6,52.7,149.0,24.0,125.0
swd0_060,Kourou,forest_edge_bird,214.0,2.0,68.0,236.0,1.0,1.0,0.0,193.0,349.0,78.0,0.1207674535962377,0.0409815442037458,66.06573792574973,4260.9,2482.1,54.4,1.14895644136515,1.3270766932938365,12261.1,4564.3,37.2,202.0,52.0,150.0
swd0_060,LRSY,ground_reptile,4658.0,42.0,1339.0,4087.0,1.0,12.0,11.0,3681.0,8526.0,1336.0,0.0166978251430734,0.0011730400042682,,6489.0,1719.9,12.0,1.4142135623730951,2.031253906312116,50216.7,14348.8,28.6,4465.0,1115.0,3350.0
swd0_060,LRSY,arboreal_mammal,4545.0,1.0,895.0,5706.0,1.0,2.0,1.0,4453.0,9389.0,232.0,0.0191479325592855,0.0015971996540547,,6948.8,2006.9,20.1,1.384030093403679,1.8852186289503987,50216.7,9975.0,19.9,4463.0,591.0,3872.0
swd0_060,LRSY,ground_mammal,2086.0,1.0,1063.0,2918.0,1.0,1.0,0.0,2032.0,4526.0,12.0,0.2434133553401121,0.1408375964588392,,24775.4,18845.5,74.8,1.6666666666666667,2.814876285031499,50216.7,25208.4,50.2,2039.0,524.0,1515.0
swd0_060,LRSY,forest_edge_bird,4545.0,7.0,814.0,5275.0,1.0,6.0,5.0,4409.0,8793.0,798.0,0.0154511324004602,0.0008926396945509,,6242.1,1500.3,15.0,1.28047335793768,1.5958497382343373,50216.7,9975.0,19.9,4463.0,591.0,3872.0
swd0_060,Perpignan,forest_edge_bird,739.0,12.0,253.0,1307.0,1.0,12.0,11.0,304.0,1138.0,288.0,0.0206051629721748,0.0021294806626131,,974.6,313.3,22.0,1.4142135623730951,1.77184641954448,6789.5,1424.4,21.0,682.0,110.0,572.0
swd0_060,Perpignan,ground_reptile,691.0,25.0,158.0,947.0,1.0,21.0,20.0,146.0,954.0,379.0,0.0059133343449925,0.0011055721088211,,522.1,225.8,19.3,1.39554889413315,1.983240484655088,6789.5,1167.8,17.2,605.0,91.0,514.0
swd0_060,Perpignan,arboreal_mammal,627.0,10.0,188.0,1383.0,1.0,7.0,6.0,293.0,996.0,212.0,0.00539557893542,0.0005892905592197,,498.7,164.8,21.9,1.370294453939847,1.7474896676573732,6789.5,753.2,11.1,575.0,72.0,503.0
swd0_060,Perpignan,ground_mammal,532.0,0.0,382.0,1052.0,1.0,1.0,0.0,507.0,1014.0,68.0,0.1387146215024302,0.0456549240605834,67.08715810482634,2528.7,1450.7,54.7,1.588630035211498,3.2691654012050235,6789.5,2651.8,39.1,510.0,119.0,391.0
swd0_080,Toulouse,ground_mammal,4733.0,2.0,1328.0,7300.0,1.0,1.0,0.0,4671.0,10349.0,20.0,0.0895707155943355,0.0227758078677935,,13793.2,6955.4,46.7,1.6165148348905798,2.42485719660824,46087.4,14891.2,32.3,4679.0,570.0,4109.0
swd0_080,Toulouse,arboreal_mammal,4769.0,0.0,772.0,7059.0,1.0,2.0,1.0,4670.0,9791.0,228.0,0.02089587195791,0.0022722034545507,,6662.1,2196.9,24.0,1.5,2.03959922298755,46087.4,9161.3,19.9,4681.0,404.0,4277.0
swd0_080,Toulouse,forest_edge_bird,4769.0,10.0,680.0,6421.0,1.0,3.0,2.0,4650.0,9350.0,648.0,0.0170451670113488,0.0015039874809265,,6017.0,1787.3,19.5,1.4142135623730951,1.769197904495401,46087.4,9161.0,19.9,4681.0,404.0,4277.0
swd0_080,Toulouse,ground_reptile,3575.0,74.0,638.0,3963.0,1.0,22.0,21.0,1988.0,5669.0,1477.0,0.0006218256950741,7.650249418463693e-05,,1149.3,403.1,7.9,1.3958968935504716,1.824402664096522,46087.4,5112.2,11.1,3405.0,467.0,2938.0
swd0_080,LaRochelle,forest_edge_bird,1044.0,57.0,189.0,1199.0,1.0,51.0,50.0,271.0,1253.0,625.0,0.0001847718370993,4.144605536312631e-05,,449.7,213.0,14.4,1.2470580709565169,1.4686599280811126,33083.8,1478.9,4.5,1015.0,124.0,891.0
swd0_080,LaRochelle,ground_mammal,2160.0,0.0,533.0,2766.0,1.0,1.0,0.0,2117.0,4345.0,43.0,0.0253477578703292,0.0056269516241308,,5267.3,2481.7,37.9,1.439360286448267,1.878942185573744,33083.8,6555.6,19.8,2122.0,301.0,1821.0
swd0_080,LaRochelle,ground_reptile,2217.0,56.0,266.0,2203.0,1.0,38.0,37.0,735.0,3276.0,1075.0,0.0061288993736691,0.0022039096515309,,2590.0,1553.1,32.0,1.4714045207910318,2.054467231403277,33083.8,4856.8,14.7,2170.0,216.0,1954.0
swd0_080,LaRochelle,arboreal_mammal,1045.0,15.0,211.0,1311.0,1.0,19.0,18.0,552.0,1498.0,387.0,0.0002510234118674,5.215786646120115e-05,,524.2,238.9,16.2,1.3173776176703262,1.5899135069230497,33083.8,1478.9,4.5,1015.0,124.0,891.0
swd0_080,Nancy,forest_edge_bird,1211.0,3.0,209.0,1588.0,1.0,2.0,1.0,1179.0,2442.0,129.0,0.0836635639085072,0.027881886053387,,4132.1,2385.4,50.4,1.4142135623730951,1.7334613463238226,14285.8,4735.0,33.1,1189.0,121.0,1068.0
swd0_080,Nancy,ground_reptile,823.0,16.0,182.0,851.0,1.0,15.0,14.0,555.0,1245.0,356.0,0.0065126629741625,0.0009618765589592,,1152.9,443.1,21.4,1.4089699822473365,1.9822440204641203,14285.8,2070.0,14.5,793.0,127.0,666.0
swd0_080,Nancy,arboreal_mammal,1211.0,0.0,227.0,1753.0,1.0,1.0,0.0,1186.0,2536.0,38.0,0.0889695876410821,0.0320767567095116,,4261.1,2558.6,54.0,1.4668977322958638,2.018136546156949,14285.8,4735.4,33.1,1189.0,121.0,1068.0
swd0_080,Nancy,ground_mammal,1175.0,1.0,357.0,1652.0,1.0,1.0,0.0,1161.0,2630.0,7.0,0.2194852339652569,0.0981744112228703,,6692.8,4476.1,64.6,1.6013365532695003,2.7581018394558936,14285.8,6925.5,48.5,1163.0,159.0,1004.0
swd0_080,Perpignan,forest_edge_bird,739.0,5.0,301.0,1584.0,1.0,10.0,9.0,315.0,1219.0,207.0,0.0244625513678592,0.0026576764614481,,1061.9,350.0,24.6,1.414213562373095,1.7678726021894604,6789.5,1424.4,21.0,682.0,110.0,572.0
swd0_080,Perpignan,arboreal_mammal,627.0,2.0,248.0,1675.0,1.0,5.0,4.0,317.0,1076.0,132.0,0.0064017317187318,0.0007649523390409,,543.2,187.8,24.9,1.366752834928326,1.7475469311985734,6789.5,753.2,11.1,575.0,72.0,503.0
swd0_080,Perpignan,ground_mammal,532.0,0.0,443.0,1243.0,1.0,1.0,0.0,507.0,1057.0,25.0,0.1422023260763394,0.0550745546002512,61.27028571200359,2560.3,1593.3,60.1,1.6057428371556597,3.3793506328690235,6789.5,2651.8,39.1,510.0,119.0,391.0
swd0_080,Perpignan,ground_reptile,691.0,19.0,173.0,1078.0,1.0,19.0,18.0,165.0,1029.0,324.0,0.0074641880369371,0.0013458739859289,,586.6,249.1,21.3,1.4038720258819135,2.0091575721567616,6789.5,1167.8,17.2,605.0,91.0,514.0
swd0_080,LRSY,forest_edge_bird,4545.0,1.0,895.0,5706.0,1.0,2.0,1.0,4448.0,9213.0,378.0,0.0191479325592855,0.0011692730028834,,6948.8,1717.1,17.2,1.2704432191194683,1.5880361642615628,50216.7,9975.0,19.9,4463.0,591.0,3872.0
swd0_080,LRSY,ground_reptile,4659.0,14.0,1409.0,4318.0,1.0,4.0,3.0,4421.0,9051.0,818.0,0.0226048622118594,0.0016339375105828,,7550.0,2029.9,14.1,1.4142135623730951,2.0387607259578053,50216.7,14348.9,28.6,4465.0,1115.0,3350.0
swd0_080,LRSY,ground_mammal,2086.0,1.0,1289.0,3397.0,1.0,1.0,0.0,2032.0,4536.0,2.0,0.2455185433075892,0.1594068766997488,,24882.3,20049.4,79.5,1.658356182291913,2.810195762348143,50216.7,25207.8,50.2,2039.0,524.0,1515.0
swd0_080,LRSY,arboreal_mammal,4545.0,0.0,978.0,6322.0,1.0,1.0,0.0,4458.0,9523.0,98.0,0.0226946318817883,0.0022494189144095,,7565.0,2381.7,23.9,1.384030093403679,1.8881586835923136,50216.7,9975.0,19.9,4463.0,591.0,3872.0
swd0_080,Kourou,ground_reptile,297.0,6.0,82.0,287.0,3.0,3.0,0.0,183.0,453.0,81.0,0.0080994794980098,0.0045754472459944,43.5093669029144,1103.5,829.4,44.2,1.4142135623730951,2.004065272445471,12261.1,1876.2,15.3,286.0,65.0,221.0
swd0_080,Kourou,ground_mammal,155.0,0.0,30.0,213.0,1.0,2.0,1.0,96.0,275.0,39.0,0.2724925758558829,0.1343166054937225,50.70815963633428,6400.4,4493.6,69.6,1.4142135623730951,1.8042072379592704,12261.1,6458.2,52.7,149.0,24.0,125.0
swd0_080,Kourou,forest_edge_bird,212.0,2.0,70.0,263.0,1.0,1.0,0.0,194.0,376.0,48.0,0.1265535716503446,0.0595721971064079,52.9272889500107,4361.8,2992.6,65.6,1.145191049767567,1.320910420890645,12261.1,4563.6,37.2,201.0,51.0,150.0
swd0_080,Kourou,arboreal_mammal,212.0,0.0,78.0,288.0,1.0,1.0,0.0,201.0,405.0,19.0,0.1302393698080974,0.0786249161945075,39.63045405520758,4424.9,3438.0,75.3,1.2,1.4704470430119094,12261.1,4565.0,37.2,201.0,51.0,150.0
swfc_050,Toulouse,ground_reptile,3577.0,5.0,664.0,4244.0,1.0,2.0,1.0,3390.0,6766.0,373.0,0.0008348706821107,0.000141559631098,,1331.7,548.3,10.7,1.3312594298603422,1.6693245100242384,46087.4,5112.2,11.1,3405.0,467.0,2938.0
swfc_050,Toulouse,arboreal_mammal,4769.0,0.0,894.0,7657.0,1.0,1.0,0.0,4678.0,10006.0,4.0,0.0234548088476042,0.0047064979690936,,7058.3,3161.8,34.5,1.4144648140849505,1.7897669684417352,46087.4,9161.2,19.9,4681.0,404.0,4277.0
swfc_050,Toulouse,forest_edge_bird,4769.0,0.0,746.0,6885.0,1.0,1.0,0.0,4678.0,9979.0,17.0,0.0201347450988623,0.00309360014049,,6539.7,2563.4,28.0,1.3679018952045052,1.6395314974840671,46087.4,9161.1,19.9,4681.0,404.0,4277.0
swfc_050,Toulouse,ground_mammal,4733.0,2.0,1526.0,7974.0,1.0,1.0,0.0,4671.0,10355.0,3.0,0.0922808253372214,0.0401804731447757,,14000.3,9238.3,62.0,1.5040493981833856,2.1060203000518416,46087.4,14891.1,32.3,4679.0,570.0,4109.0
swfc_050,LRSY,forest_edge_bird,4545.0,0.0,956.0,6148.0,1.0,1.0,0.0,4459.0,9569.0,12.0,0.0219258516314309,0.0028514389036726,,7435.8,2681.5,26.9,1.238662764939059,1.5027342808975193,50216.7,9974.9,19.9,4463.0,591.0,3872.0
swfc_050,LRSY,ground_reptile,4659.0,0.0,1483.0,4544.0,1.0,1.0,0.0,4460.0,9753.0,105.0,0.0277872435924384,0.0036667448552599,,8370.9,3040.8,21.2,1.3425027123760145,1.7998730158258125,50216.7,14348.9,28.6,4465.0,1115.0,3350.0
swfc_050,LRSY,ground_mammal,2086.0,1.0,1475.0,3881.0,1.0,1.0,0.0,2032.0,4531.0,1.0,0.2467937935069572,0.1969649038466019,,24946.8,22286.5,88.4,1.5,2.195369924909398,50216.7,25208.1,50.2,2039.0,524.0,1515.0
swfc_050,LRSY,arboreal_mammal,4545.0,0.0,1062.0,6896.0,1.0,1.0,0.0,4459.0,9603.0,0.0,0.0252138033179674,0.005552569644828,,7973.8,3741.9,37.5,1.3160642123556998,1.632534165512543,50216.7,9975.0,19.9,4463.0,591.0,3872.0
swfc_050,LaRochelle,arboreal_mammal,1046.0,0.0,238.0,1438.0,1.0,2.0,1.0,1000.0,1828.0,55.0,0.0003269143163134,7.909439926708684e-05,,598.2,294.2,19.9,1.2499211695502876,1.4478195378311425,33083.8,1478.9,4.5,1015.0,124.0,891.0
swfc_050,LaRochelle,ground_reptile,2219.0,1.0,287.0,2265.0,1.0,2.0,1.0,2158.0,4083.0,286.0,0.0067345722251939,0.0029767889025391,,2715.0,1805.1,37.2,1.4136012156790343,1.799022286633981,33083.8,4857.5,14.7,2170.0,216.0,1954.0
swfc_050,LaRochelle,forest_edge_bird,1045.0,1.0,206.0,1284.0,1.0,7.0,6.0,968.0,1724.0,156.0,0.0002337931191182,5.985811867455857e-05,,505.9,256.0,17.3,1.2009948120673524,1.3689133331104095,33083.8,1478.9,4.5,1015.0,124.0,891.0
swfc_050,LaRochelle,ground_mammal,2161.0,0.0,614.0,3002.0,1.0,1.0,0.0,2117.0,4377.0,9.0,0.0281850282595752,0.0087561810813299,,5554.2,3095.8,47.2,1.4069349011064929,1.7388065931148298,33083.8,6555.6,19.8,2122.0,301.0,1821.0
swfc_050,Kourou,ground_mammal,156.0,0.0,32.0,223.0,1.0,2.0,1.0,97.0,278.0,37.0,0.2729053590299438,0.136881736403408,49.84278180173476,6405.2,4536.3,70.2,1.3581490210501712,1.6746007871705944,12261.1,6458.1,52.7,150.0,25.0,125.0
swfc_050,Kourou,arboreal_mammal,211.0,0.0,89.0,322.0,1.0,1.0,0.0,200.0,419.0,2.0,0.1331037040569983,0.106715997462917,19.82492281565767,4473.2,4005.4,87.7,1.1722900958004927,1.369530724121233,12261.1,4565.0,37.2,200.0,50.0,150.0
swfc_050,Kourou,ground_reptile,297.0,0.0,88.0,309.0,1.0,4.0,3.0,188.0,516.0,23.0,0.0091411280355412,0.0055651674233019,39.11946751359092,1172.3,914.7,48.8,1.3304039788089117,1.6854057998568008,12261.1,1876.1,15.3,286.0,65.0,221.0
swfc_050,Kourou,forest_edge_bird,212.0,0.0,79.0,285.0,1.0,1.0,0.0,201.0,418.0,5.0,0.1293452575652252,0.0851180020899251,34.19317902165642,4409.6,3577.2,78.4,1.114575513528921,1.2616390809757283,12261.1,4564.7,37.2,201.0,51.0,150.0
swfc_050,Perpignan,ground_reptile,691.0,1.0,196.0,1177.0,1.0,8.0,7.0,287.0,1192.0,151.0,0.0099220170191097,0.0022253613692986,77.57148203825285,676.3,320.3,27.4,1.3478805729835055,1.8693348524840985,6789.5,1167.8,17.2,605.0,91.0,514.0
swfc_050,Perpignan,arboreal_mammal,627.0,0.0,280.0,1979.0,1.0,1.0,0.0,573.0,1200.0,6.0,0.0071678785057806,0.0016083534699927,77.56165274431393,574.8,272.3,36.2,1.332142158552604,1.5545700022909723,6789.5,753.2,11.1,575.0,72.0,503.0
swfc_050,Perpignan,forest_edge_bird,739.0,0.0,363.0,1844.0,1.0,1.0,0.0,679.0,1398.0,25.0,0.0281841950059536,0.0054021058355,80.83285389432322,1139.8,499.0,35.0,1.360873399814423,1.6264982197803857,6789.5,1424.4,21.0,682.0,110.0,572.0
swfc_050,Perpignan,ground_mammal,532.0,0.0,525.0,1421.0,1.0,1.0,0.0,505.0,1074.0,0.0,0.144440410215046,0.0834437445027491,42.22964032121183,2580.4,1961.2,74.0,1.5,2.768956520555387,6789.5,2651.8,39.1,510.0,119.0,391.0
swfc_050,Nancy,ground_reptile,826.0,2.0,194.0,905.0,1.0,1.0,0.0,787.0,1491.0,120.0,0.0076765152617611,0.0016468985563719,,1251.7,579.7,28.0,1.3417382176406094,1.8340680104796807,14285.8,2070.0,14.5,793.0,127.0,666.0
swfc_050,Nancy,ground_mammal,1175.0,1.0,424.0,1839.0,1.0,1.0,0.0,1161.0,2628.0,6.0,0.2230278123529433,0.1494999077918311,,6746.6,5523.6,79.8,1.512605106467564,2.4030906491917974,14285.8,6925.7,48.5,1163.0,159.0,1004.0
swfc_050,Nancy,arboreal_mammal,1211.0,0.0,257.0,1911.0,1.0,1.0,0.0,1186.0,2571.0,0.0,0.0925004620787487,0.0443644471561679,,4344.9,3009.0,63.5,1.4142135623730951,1.7455511071017626,14285.8,4735.0,33.1,1189.0,121.0,1068.0
swfc_050,Nancy,forest_edge_bird,1211.0,0.0,220.0,1699.0,1.0,1.0,0.0,1186.0,2565.0,4.0,0.0878538289069363,0.0372091714733571,,4234.3,2755.7,58.2,1.365685424949238,1.6103837471359743,14285.8,4735.1,33.1,1189.0,121.0,1068.0
c80_p20,Perpignan,ground_mammal,532.0,0.0,525.0,1421.0,1.0,1.0,0.0,507.0,1075.0,7.0,0.144440410215046,0.0632217956890562,56.229842053944445,2580.4,1707.1,64.4,1.610552493276995,3.3645875390883826,6789.5,2651.8,39.1,510.0,119.0,391.0
c80_p20,Perpignan,ground_reptile,691.0,11.0,196.0,1177.0,1.0,14.0,13.0,181.0,1088.0,270.0,0.0099220170191097,0.0015826271232094,84.04934077253364,676.3,270.1,23.1,1.4136012156790343,2.037625966135621,6789.5,1167.8,17.2,605.0,91.0,514.0
c51_p20,Perpignan,ground_reptile,691.0,11.0,196.0,1177.0,1.0,14.0,13.0,181.0,1088.0,270.0,0.0099220170191097,0.0015826271232094,84.04934077253364,676.3,270.1,23.1,1.4136012156790343,2.037625966135621,6789.5,1167.8,17.2,605.0,91.0,514.0
c51_p20,Perpignan,ground_mammal,532.0,0.0,525.0,1421.0,1.0,1.0,0.0,507.0,1075.0,7.0,0.144440410215046,0.0632217956890562,56.229842053944445,2580.4,1707.1,64.4,1.610552493276995,3.3645875390883826,6789.5,2651.8,39.1,510.0,119.0,391.0
c90_m20,Perpignan,ground_reptile,691.0,11.0,196.0,1177.0,1.0,14.0,13.0,181.0,1088.0,270.0,0.0099220170191097,0.0015826288215587,84.04932365555719,676.3,270.1,23.1,1.4136012156790343,2.037625966135621,6789.5,1167.8,17.2,605.0,91.0,514.0
c90_m20,Perpignan,ground_mammal,532.0,0.0,525.0,1421.0,1.0,1.0,0.0,507.0,1075.0,7.0,0.144440410215046,0.0632217956890562,56.229842053944445,2580.4,1707.1,64.4,1.610552493276995,3.3645875390883826,6789.5,2651.8,39.1,510.0,119.0,391.0
c50_m20,Perpignan,ground_mammal,532.0,0.0,525.0,1421.0,1.0,1.0,0.0,507.0,1076.0,5.0,0.144440410215046,0.0637399298709314,55.87112375544071,2580.4,1714.1,64.6,1.5642935335520614,3.3338138337592644,6789.5,2651.8,39.1,510.0,119.0,391.0
c50_m20,Perpignan,ground_reptile,691.0,11.0,196.0,1177.0,1.0,14.0,13.0,181.0,1090.0,266.0,0.0099220170191097,0.0015873025919026,84.00221861295456,676.3,270.5,23.2,1.3958968935504716,2.025868954472212,6789.5,1167.8,17.2,605.0,91.0,514.0
swd0_070,Kourou,ground_reptile,297.0,8.0,83.0,278.0,3.0,4.0,1.0,177.0,434.0,100.0,0.007747039954902,0.0044477329077939,42.58796993838121,1079.2,817.7,43.6,1.4142135623730951,2.03576067125051,12261.1,1875.9,15.3,286.0,65.0,221.0
swd0_070,Kourou,ground_mammal,155.0,0.0,28.0,212.0,1.0,2.0,1.0,96.0,273.0,41.0,0.2723227942002777,0.1357305334201824,50.15821800052463,6398.4,4517.2,69.9,1.4142135623730951,1.8041940630231013,12261.1,6462.7,52.7,149.0,24.0,125.0
swd0_070,Kourou,forest_edge_bird,212.0,2.0,68.0,252.0,1.0,1.0,0.0,192.0,362.0,62.0,0.1236315693314395,0.0459061481158724,62.86858739712004,4311.1,2627.0,57.5,1.1488447475767656,1.3258370749273407,12261.1,4564.8,37.2,201.0,51.0,150.0
swd0_070,Kourou,arboreal_mammal,212.0,0.0,76.0,278.0,1.0,1.0,0.0,201.0,397.0,27.0,0.1276633725938107,0.0670404629519379,47.48653306752125,4380.9,3174.7,69.6,1.2,1.4667108761872414,12261.1,4563.9,37.2,201.0,51.0,150.0
swd0_070,Nancy,forest_edge_bird,1211.0,3.0,191.0,1526.0,1.0,3.0,2.0,1172.0,2365.0,206.0,0.080914845165187,0.0262548307451923,,4063.7,2314.8,48.9,1.4142135623730951,1.738335588200529,14285.8,4734.8,33.1,1189.0,121.0,1068.0
swd0_070,Nancy,arboreal_mammal,1211.0,1.0,213.0,1664.0,1.0,1.0,0.0,1185.0,2515.0,59.0,0.0866131049175464,0.0308709369396579,,4204.3,2510.0,53.0,1.471212856601433,2.012412573306304,14285.8,4734.8,33.1,1189.0,121.0,1068.0
swd0_070,Nancy,ground_reptile,823.0,23.0,175.0,821.0,1.0,21.0,20.0,409.0,1183.0,414.0,0.0056689529726826,0.0008806853786852,,1075.6,424.0,20.5,1.4096690793269664,1.9091421094312997,14285.8,2070.0,14.5,793.0,127.0,666.0
swd0_070,Nancy,ground_mammal,1175.0,1.0,335.0,1601.0,1.0,1.0,0.0,1161.0,2627.0,10.0,0.21740452151964,0.0900960084833308,,6661.0,4288.0,61.9,1.6011920735779457,2.742235002823022,14285.8,6925.7,48.5,1163.0,159.0,1004.0
swd0_070,LRSY,ground_mammal,2086.0,1.0,1171.0,3143.0,1.0,1.0,0.0,2032.0,4535.0,3.0,0.2446123894638423,0.1509767862328612,,24836.3,19512.0,77.4,1.658222432196311,2.8100192568511004,50216.7,25208.3,50.2,2039.0,524.0,1515.0
swd0_070,LRSY,ground_reptile,4659.0,25.0,1372.0,4216.0,1.0,5.0,4.0,4381.0,8834.0,1036.0,0.0197475595742545,0.0013975327211437,,7056.7,1877.3,13.1,1.4142135623730951,2.0299146812001294,50216.7,14348.8,28.6,4465.0,1115.0,3350.0
swd0_070,LRSY,forest_edge_bird,4545.0,3.0,861.0,5499.0,1.0,3.0,2.0,4442.0,9057.0,534.0,0.0173841266597799,0.0010269084517866,,6621.0,1609.2,16.1,1.27240226919466,1.589380104913727,50216.7,9975.1,19.9,4463.0,591.0,3872.0
swd0_070,LRSY,arboreal_mammal,4545.0,0.0,932.0,5999.0,1.0,1.0,0.0,4458.0,9470.0,151.0,0.0211074254735722,0.0019123229206536,,7295.7,2196.0,22.0,1.3833833754606877,1.8853522648533731,50216.7,9974.9,19.9,4463.0,591.0,3872.0
swd0_070,Perpignan,ground_reptile,691.0,22.0,167.0,1019.0,1.0,21.0,20.0,147.0,1002.0,344.0,0.0068108010679966,0.0012259778977088,,560.3,237.7,20.4,1.3958968935504716,2.006816379832343,6789.5,1167.8,17.2,605.0,91.0,514.0
swd0_070,Perpignan,forest_edge_bird,739.0,7.0,278.0,1447.0,1.0,10.0,9.0,313.0,1186.0,240.0,0.0227264577229172,0.0023910705324108,,1023.5,332.0,23.3,1.4142135623730951,1.770863084428312,6789.5,1424.4,21.0,682.0,110.0,572.0
swd0_070,Perpignan,arboreal_mammal,627.0,6.0,214.0,1527.0,1.0,6.0,5.0,294.0,1044.0,164.0,0.0059341729514301,0.0006759718698974,,523.0,176.5,23.4,1.368304881989996,1.7467241302786445,6789.5,753.2,11.1,575.0,72.0,503.0
swd0_070,Perpignan,ground_mammal,532.0,0.0,410.0,1147.0,1.0,1.0,0.0,507.0,1040.0,42.0,0.1405689192359445,0.0505674021562231,64.02661240402234,2545.5,1526.8,57.6,1.5974686007224923,3.369017515445642,6789.5,2651.8,39.1,510.0,119.0,391.0
swd0_070,Toulouse,arboreal_mammal,4769.0,2.0,723.0,6763.0,1.0,2.0,1.0,4666.0,9668.0,350.0,0.0193119383619898,0.0020080823523473,,6404.6,2065.3,22.5,1.5,2.041541222139569,46087.4,9160.6,19.9,4681.0,404.0,4277.0
swd0_070,Toulouse,ground_reptile,3573.0,105.0,613.0,3839.0,1.0,43.0,42.0,1430.0,5359.0,1777.0,0.0005218337646179,6.937050386844304e-05,,1052.8,383.9,7.5,1.395896893550472,1.8299069260441203,46087.4,5112.2,11.1,3405.0,467.0,2938.0
swd0_070,Toulouse,forest_edge_bird,4769.0,20.0,627.0,6163.0,1.0,6.0,5.0,4615.0,9077.0,920.0,0.0148704226316252,0.0013545053384963,,5620.1,1696.2,18.5,1.4142135623730951,1.7707307244375714,46087.4,9160.9,19.9,4681.0,404.0,4277.0
swd0_070,Toulouse,ground_mammal,4733.0,2.0,1241.0,6956.0,1.0,1.0,0.0,4671.0,10334.0,35.0,0.0873841797585294,0.0202959906838091,,13623.8,6565.8,44.1,1.6165148348905798,2.411420422019138,46087.4,14891.1,32.3,4679.0,570.0,4109.0
swd0_070,LaRochelle,ground_reptile,2216.0,80.0,264.0,2161.0,1.0,56.0,55.0,459.0,3103.0,1225.0,0.0057987333394521,0.002090689852327,,2519.3,1512.7,31.1,1.478537967061646,2.0564903261142007,33083.8,4857.3,14.7,2170.0,216.0,1954.0
swd0_070,LaRochelle,forest_edge_bird,1043.0,81.0,181.0,1153.0,1.0,50.0,49.0,247.0,1174.0,699.0,0.0001613906669549,3.945684420252611e-05,,420.3,207.8,14.1,1.25,1.4804567017219918,33083.8,1478.9,4.5,1015.0,124.0,891.0
swd0_070,LaRochelle,ground_mammal,2160.0,0.0,501.0,2612.0,1.0,1.0,0.0,2117.0,4306.0,82.0,0.0235926671169805,0.0052760544306091,,5081.6,2403.1,36.7,1.4434579658921096,1.8826909101642493,33083.8,6555.6,19.8,2122.0,301.0,1821.0
swd0_070,LaRochelle,arboreal_mammal,1045.0,27.0,201.0,1251.0,1.0,25.0,24.0,450.0,1424.0,461.0,0.0002171380073342,4.897358195457103e-05,,487.5,231.5,15.7,1.3210336365932045,1.5962807986703194,33083.8,1478.9,4.5,1015.0,124.0,891.0
c40_p20,Perpignan,ground_mammal,532.0,0.0,525.0,1421.0,1.0,1.0,0.0,506.0,1074.0,7.0,0.144440410215046,0.0629555082326921,56.41420005733675,2580.4,1703.5,64.2,1.6116292783052597,3.3440838019974786,6789.5,2651.8,39.1,510.0,119.0,391.0
c40_p20,Perpignan,ground_reptile,691.0,11.0,196.0,1177.0,1.0,14.0,13.0,181.0,1089.0,271.0,0.0099220170191097,0.0015735901961773,84.14042030822336,676.3,269.3,23.1,1.4142135623730951,2.049987348684068,6789.5,1167.8,17.2,605.0,91.0,514.0
swfc_150,Kourou,arboreal_mammal,211.0,0.0,89.0,322.0,1.0,1.0,0.0,200.0,395.0,26.0,0.1331037040569983,0.0820119307620386,38.38493726146114,4473.2,3511.3,76.9,1.21284560971104,1.7860958005867953,12261.1,4565.0,37.2,200.0,50.0,150.0
swfc_150,Kourou,forest_edge_bird,212.0,2.0,79.0,285.0,1.0,1.0,0.0,192.0,362.0,62.0,0.1293452575652252,0.0530704458406157,58.9699329997825,4409.6,2824.6,61.9,1.1521523649139378,1.348357202825747,12261.1,4564.7,37.2,201.0,51.0,150.0
swfc_150,Kourou,ground_mammal,156.0,0.0,32.0,223.0,1.0,2.0,1.0,97.0,274.0,41.0,0.2729053590299438,0.1349482466377316,50.55126542131229,6405.2,4504.1,69.7,1.4830644089986147,1.962054178012276,12261.1,6458.1,52.7,150.0,25.0,125.0
swfc_150,Kourou,ground_reptile,297.0,8.0,88.0,309.0,1.0,4.0,3.0,177.0,440.0,99.0,0.0091411280355412,0.0044884562648163,50.898223420950586,1172.3,821.4,43.8,1.426776695296637,2.2041509911017365,12261.1,1876.1,15.3,286.0,65.0,221.0
swfc_150,LaRochelle,arboreal_mammal,1046.0,28.0,238.0,1438.0,1.0,25.0,24.0,449.0,1425.0,461.0,0.0003269143163134,4.980729990959395e-05,,598.2,233.5,15.8,1.3407497989032302,1.6354827610084648,33083.8,1478.9,4.5,1015.0,124.0,891.0
swfc_150,LaRochelle,ground_mammal,2161.0,0.0,614.0,3002.0,1.0,1.0,0.0,2117.0,4315.0,75.0,0.0281850282595752,0.0053051179666892,,5554.2,2409.7,36.8,1.4613898082920318,1.9738717990552168,33083.8,6555.6,19.8,2122.0,301.0,1821.0
swfc_150,LaRochelle,forest_edge_bird,1045.0,83.0,206.0,1284.0,1.0,52.0,51.0,221.0,1174.0,706.0,0.0002337931191182,3.9586455038140025e-05,,505.9,208.2,14.1,1.2649110640673518,1.5256572476383286,33083.8,1478.9,4.5,1015.0,124.0,891.0
swfc_150,LaRochelle,ground_reptile,2219.0,77.0,287.0,2265.0,1.0,51.0,50.0,644.0,3160.0,1219.0,0.0067345722251939,0.0021473093986711,,2715.0,1533.1,31.6,1.5268827230335915,2.1900592080442585,33083.8,4857.5,14.7,2170.0,216.0,1954.0
swfc_150,Perpignan,arboreal_mammal,627.0,6.0,280.0,1979.0,1.0,6.0,5.0,294.0,1047.0,163.0,0.0071678785057806,0.0006854964720092,90.43655006908354,574.8,177.8,23.6,1.3958968935504716,1.889729529748912,6789.5,753.2,11.1,575.0,72.0,503.0
swfc_150,Perpignan,ground_reptile,691.0,22.0,196.0,1177.0,1.0,20.0,19.0,164.0,1009.0,358.0,0.0099220170191097,0.0012914898686419,86.98359551133035,676.3,244.0,20.9,1.4142135623730951,2.165971631263738,6789.5,1167.8,17.2,605.0,91.0,514.0
swfc_150,Perpignan,forest_edge_bird,739.0,8.0,363.0,1844.0,1.0,10.0,9.0,312.0,1184.0,244.0,0.0281841950059536,0.0024586454235182,91.2765100333755,1139.8,336.7,23.6,1.4142135623730951,1.861906873834935,6789.5,1424.4,21.0,682.0,110.0,572.0
swfc_150,Perpignan,ground_mammal,532.0,0.0,525.0,1421.0,1.0,1.0,0.0,508.0,1044.0,43.0,0.144440410215046,0.0516649953458828,64.23092729454116,2580.4,1543.2,58.2,1.6543651450876526,3.7580499406870143,6789.5,2651.8,39.1,510.0,119.0,391.0
swfc_150,LRSY,forest_edge_bird,4545.0,4.0,956.0,6148.0,1.0,3.0,2.0,4441.0,9059.0,535.0,0.0219258516314309,0.0010410704903771,,7435.8,1620.3,16.2,1.2904876382115258,1.6305281904502014,50216.7,9974.9,19.9,4463.0,591.0,3872.0
swfc_150,LRSY,ground_reptile,4659.0,24.0,1483.0,4544.0,1.0,4.0,3.0,4410.0,8937.0,946.0,0.0277872435924384,0.0015162453292812,,8370.9,1955.4,13.6,1.4378252303459655,2.2725640864812195,50216.7,14348.9,28.6,4465.0,1115.0,3350.0
swfc_150,LRSY,ground_mammal,2086.0,1.0,1475.0,3881.0,1.0,1.0,0.0,2033.0,4537.0,3.0,0.2467937935069572,0.1552307923143622,,24946.8,19785.0,78.5,1.7121246595673096,3.173550018364021,50216.7,25208.1,50.2,2039.0,524.0,1515.0
swfc_150,LRSY,arboreal_mammal,4545.0,0.0,1062.0,6896.0,1.0,1.0,0.0,4458.0,9488.0,144.0,0.0252138033179674,0.0020298297266668,,7973.8,2262.4,22.7,1.4142135623730951,2.054637399021757,50216.7,9975.0,19.9,4463.0,591.0,3872.0
swfc_150,Nancy,forest_edge_bird,1211.0,3.0,220.0,1699.0,1.0,2.0,1.0,1172.0,2368.0,201.0,0.0878538289069363,0.0263627648414942,,4234.3,2319.5,49.0,1.4142135623730951,1.7913299198142982,14285.8,4735.1,33.1,1189.0,121.0,1068.0
swfc_150,Nancy,ground_reptile,826.0,22.0,194.0,905.0,1.0,18.0,17.0,487.0,1213.0,403.0,0.0076765152617611,0.0009210473448319,,1251.7,433.6,20.9,1.4433899139118471,2.119809314211518,14285.8,2070.0,14.5,793.0,127.0,666.0
swfc_150,Nancy,ground_mammal,1175.0,1.0,424.0,1839.0,1.0,1.0,0.0,1161.0,2630.0,10.0,0.2230278123529433,0.0983491244468636,,6746.6,4480.1,64.7,1.6494527424066303,2.9684518542671854,14285.8,6925.7,48.5,1163.0,159.0,1004.0
swfc_150,Nancy,arboreal_mammal,1211.0,1.0,257.0,1911.0,1.0,1.0,0.0,1185.0,2520.0,58.0,0.0925004620787487,0.0308029755945711,,4344.9,2507.3,53.0,1.5,2.1911261215931077,14285.8,4735.0,33.1,1189.0,121.0,1068.0
swfc_150,Toulouse,arboreal_mammal,4769.0,2.0,894.0,7657.0,1.0,2.0,1.0,4666.0,9677.0,349.0,0.0234548088476042,0.0020717078124035,,7058.3,2097.7,22.9,1.5363961030678928,2.2345110493419305,46087.4,9161.2,19.9,4681.0,404.0,4277.0
swfc_150,Toulouse,ground_mammal,4733.0,2.0,1526.0,7974.0,1.0,1.0,0.0,4671.0,10340.0,31.0,0.0922808253372214,0.0212286300984255,,14000.3,6715.0,45.1,1.6849966060420107,2.652615253131247,46087.4,14891.1,32.3,4679.0,570.0,4109.0
swfc_150,Toulouse,ground_reptile,3577.0,94.0,664.0,4244.0,1.0,37.0,36.0,1445.0,5475.0,1690.0,0.0008348706821107,7.257946737450951e-05,,1331.7,392.6,7.7,1.4142135623730951,1.961256460844511,46087.4,5112.2,11.1,3405.0,467.0,2938.0
swfc_150,Toulouse,forest_edge_bird,4769.0,22.0,746.0,6885.0,1.0,6.0,5.0,4616.0,9072.0,933.0,0.0201347450988623,0.0013649827931154,,6539.7,1702.7,18.6,1.4218421392318843,1.8345477566457036,46087.4,9161.1,19.9,4681.0,404.0,4277.0
fric_m20,Kourou,ground_reptile,297.0,3.0,88.0,309.0,1.0,4.0,3.0,185.0,495.0,44.0,0.0091411280355412,0.0051375189307569,43.79775766424095,1172.3,878.8,46.8,1.4142135623730951,1.988273714937212,12261.1,1876.1,15.3,286.0,65.0,221.0
fric_m20,Kourou,forest_edge_bird,212.0,0.0,79.0,285.0,1.0,1.0,0.0,201.0,406.0,18.0,0.1293452575652252,0.0734443721318305,43.21834946689516,4409.6,3322.8,72.8,1.1414692835007427,1.3221691525282582,12261.1,4564.7,37.2,201.0,51.0,150.0
fric_m20,Kourou,arboreal_mammal,211.0,0.0,89.0,322.0,1.0,1.0,0.0,200.0,418.0,3.0,0.1331037040569983,0.0992619541239769,25.425100054713383,4473.2,3862.9,84.6,1.2002448438608289,1.4806999431928736,12261.1,4565.0,37.2,200.0,50.0,150.0
fric_m20,Kourou,ground_mammal,156.0,0.0,32.0,223.0,1.0,2.0,1.0,97.0,278.0,37.0,0.2729053590299438,0.1361886894249565,50.09673320119244,6405.2,4524.8,70.1,1.4142135623730951,1.8022808422549847,12261.1,6458.1,52.7,150.0,25.0,125.0
fric_m20,Nancy,ground_mammal,1175.0,1.0,424.0,1839.0,1.0,1.0,0.0,1161.0,2631.0,6.0,0.2230278123529433,0.1325286681373397,40.57751509143082,6746.6,5200.7,75.1,1.6014810329610556,2.757592026127286,14285.8,6925.7,48.5,1163.0,159.0,1004.0
fric_m20,LaRochelle,ground_mammal,2161.0,0.0,614.0,3002.0,1.0,1.0,0.0,2117.0,4377.0,12.0,0.0281850282595752,0.0071777699381743,74.53339456654322,5554.2,2802.9,42.8,1.435959517271817,1.879107488921096,33083.8,6555.6,19.8,2122.0,301.0,1821.0
fric_m20,LaRochelle,ground_reptile,2219.0,7.0,287.0,2265.0,1.0,6.0,5.0,1902.0,3834.0,539.0,0.0067345722251939,0.0026678524728046,60.38571740571338,2715.0,1708.8,35.2,1.4714045207910318,2.04740938267944,33083.8,4857.5,14.7,2170.0,216.0,1954.0
fric_m20,Perpignan,ground_mammal,532.0,0.0,525.0,1421.0,1.0,1.0,0.0,507.0,1079.0,3.0,0.144440410215046,0.0717839236657474,50.30204943417566,2580.4,1819.1,68.6,1.60947570824873,3.3566777065357867,6789.5,2651.8,39.1,510.0,119.0,391.0
fric_m20,Perpignan,forest_edge_bird,739.0,1.0,363.0,1844.0,1.0,2.0,1.0,674.0,1339.0,87.0,0.0281841950059536,0.0039767445143933,85.89016108654765,1139.8,428.2,30.1,1.4142135623730951,1.7958599184816293,6789.5,1424.4,21.0,682.0,110.0,572.0
fric_m20,Perpignan,ground_reptile,691.0,7.0,196.0,1177.0,1.0,14.0,13.0,182.0,1136.0,222.0,0.0099220170191097,0.0018645525180627,81.20792864523774,676.3,293.2,25.1,1.4142135623730951,2.225371804576579,6789.5,1167.8,17.2,605.0,91.0,514.0
fric_m20,Perpignan,arboreal_mammal,627.0,0.0,280.0,1979.0,1.0,1.0,0.0,573.0,1168.0,40.0,0.0071678785057806,0.00117723614302,83.57622632595344,574.8,233.0,30.9,1.3737734478532142,1.7518782117733958,6789.5,753.2,11.1,575.0,72.0,503.0
c10_m20,Perpignan,ground_reptile,691.0,11.0,196.0,1177.0,1.0,14.0,13.0,181.0,1098.0,263.0,0.0099220170191097,0.0016194977308842,83.67773681737162,676.3,273.2,23.4,1.4131877698059792,2.081946180337223,6789.5,1167.8,17.2,605.0,91.0,514.0
c10_m20,Perpignan,ground_mammal,532.0,0.0,525.0,1421.0,1.0,1.0,0.0,507.0,1076.0,7.0,0.144440410215046,0.0637820830971602,55.84193993758392,2580.4,1714.7,64.7,1.6195036913004506,3.5677111442823346,6789.5,2651.8,39.1,510.0,119.0,391.0
swfc_125,Toulouse,ground_mammal,4733.0,2.0,1526.0,7974.0,1.0,1.0,0.0,4671.0,10351.0,16.0,0.0922808253372214,0.0240322649603253,,14000.3,7144.6,48.0,1.6578685525167118,2.5497879707581683,46087.4,14891.1,32.3,4679.0,570.0,4109.0
swfc_125,Toulouse,arboreal_mammal,4769.0,0.0,894.0,7657.0,1.0,2.0,1.0,4670.0,9815.0,206.0,0.0234548088476042,0.0023772622399314,,7058.3,2247.1,24.5,1.517397842204074,2.1372776811995875,46087.4,9161.2,19.9,4681.0,404.0,4277.0
swfc_125,Toulouse,ground_reptile,3577.0,67.0,664.0,4244.0,1.0,14.0,13.0,3169.0,5806.0,1354.0,0.0008348706821107,8.042479566936378e-05,,1331.7,413.3,8.1,1.4140979124702164,1.890062510872659,46087.4,5112.2,11.1,3405.0,467.0,2938.0
swfc_125,Toulouse,forest_edge_bird,4769.0,8.0,746.0,6885.0,1.0,3.0,2.0,4652.0,9388.0,613.0,0.0201347450988623,0.0015456518131452,,6539.7,1811.9,19.8,1.4142135623730951,1.8007706682914035,46087.4,9161.1,19.9,4681.0,404.0,4277.0
swfc_125,Nancy,ground_reptile,826.0,16.0,194.0,905.0,1.0,13.0,12.0,569.0,1268.0,348.0,0.0076765152617611,0.0010039040599417,,1251.7,452.6,21.9,1.4165633546887393,2.058943147506674,14285.8,2070.0,14.5,793.0,127.0,666.0
swfc_125,Nancy,arboreal_mammal,1211.0,0.0,257.0,1911.0,1.0,1.0,0.0,1186.0,2543.0,34.0,0.0925004620787487,0.0326277137341965,,4344.9,2580.5,54.5,1.485669884537289,2.1309076166199863,14285.8,4735.0,33.1,1189.0,121.0,1068.0
swfc_125,Nancy,forest_edge_bird,1211.0,3.0,220.0,1699.0,1.0,2.0,1.0,1179.0,2444.0,127.0,0.0878538289069363,0.0278701541903825,,4234.3,2384.9,50.4,1.4142135623730951,1.7681210797330271,14285.8,4735.1,33.1,1189.0,121.0,1068.0
swfc_125,Nancy,ground_mammal,1175.0,1.0,424.0,1839.0,1.0,1.0,0.0,1161.0,2632.0,6.0,0.2230278123529433,0.1073975329414158,,6746.6,4681.7,67.6,1.6165148348905798,2.844091160468384,14285.8,6925.7,48.5,1163.0,159.0,1004.0
swfc_125,LaRochelle,ground_reptile,2219.0,51.0,287.0,2265.0,1.0,29.0,28.0,852.0,3343.0,1036.0,0.0067345722251939,0.0022650898813088,,2715.0,1574.6,32.4,1.5012222333960277,2.116747002304779,33083.8,4857.5,14.7,2170.0,216.0,1954.0
swfc_125,LaRochelle,ground_mammal,2161.0,0.0,614.0,3002.0,1.0,1.0,0.0,2117.0,4350.0,38.0,0.0281850282595752,0.0057335587041154,,5554.2,2505.1,38.2,1.4540469089417187,1.9262765562027049,33083.8,6555.6,19.8,2122.0,301.0,1821.0
swfc_125,LaRochelle,forest_edge_bird,1045.0,54.0,206.0,1284.0,1.0,45.0,44.0,298.0,1276.0,603.0,0.0002337931191182,4.199620257548504e-05,,505.9,214.4,14.5,1.248528137423857,1.4892613224189957,33083.8,1478.9,4.5,1015.0,124.0,891.0
swfc_125,LaRochelle,arboreal_mammal,1046.0,14.0,238.0,1438.0,1.0,19.0,18.0,553.0,1520.0,366.0,0.0003269143163134,5.3409700833696045e-05,,598.2,241.8,16.3,1.331370849898476,1.608913389092753,33083.8,1478.9,4.5,1015.0,124.0,891.0
swfc_125,Perpignan,ground_reptile,691.0,17.0,196.0,1177.0,1.0,18.0,17.0,173.0,1048.0,314.0,0.0099220170191097,0.0014154360287926,85.73439225042118,676.3,255.4,21.9,1.4142135623730951,2.128746660471,6789.5,1167.8,17.2,605.0,91.0,514.0
swfc_125,Perpignan,arboreal_mammal,627.0,2.0,280.0,1979.0,1.0,5.0,4.0,317.0,1082.0,127.0,0.0071678785057806,0.0007921834603095,88.94814609830924,574.8,191.1,25.4,1.3871921318689098,1.8324282880654488,6789.5,753.2,11.1,575.0,72.0,503.0
swfc_125,Perpignan,ground_mammal,532.0,0.0,525.0,1421.0,1.0,1.0,0.0,507.0,1057.0,25.0,0.144440410215046,0.0567555963077194,60.70656665733611,2580.4,1617.5,61.0,1.6348992834108715,3.5613888761847576,6789.5,2651.8,39.1,510.0,119.0,391.0
swfc_125,Perpignan,forest_edge_bird,739.0,5.0,363.0,1844.0,1.0,9.0,8.0,315.0,1230.0,197.0,0.0281841950059536,0.0027946226944364,90.0844331589172,1139.8,358.9,25.2,1.4142135623730951,1.8216195141067868,6789.5,1424.4,21.0,682.0,110.0,572.0
swfc_125,Kourou,ground_mammal,156.0,0.0,32.0,223.0,1.0,2.0,1.0,97.0,277.0,38.0,0.2729053590299438,0.1352805012766906,50.42951821922728,6405.2,4509.7,69.8,1.4196323386760707,1.8441161445359455,12261.1,6458.1,52.7,150.0,25.0,125.0
swfc_125,Kourou,ground_reptile,297.0,6.0,88.0,309.0,1.0,3.0,2.0,183.0,458.0,81.0,0.0091411280355412,0.0046325373572032,49.32203838310068,1172.3,834.5,44.5,1.4142135623730951,2.0837257824848168,12261.1,1876.1,15.3,286.0,65.0,221.0
swfc_125,Kourou,forest_edge_bird,212.0,2.0,79.0,285.0,1.0,1.0,0.0,195.0,379.0,45.0,0.1293452575652252,0.0585373477330193,54.74333668283076,4409.6,2966.5,65.0,1.1451620422751938,1.3206783298969278,12261.1,4564.7,37.2,201.0,51.0,150.0
swfc_125,Kourou,arboreal_mammal,211.0,0.0,89.0,322.0,1.0,1.0,0.0,200.0,403.0,18.0,0.1331037040569983,0.0870020712481332,34.63587518881006,4473.2,3616.5,79.2,1.2099161819956616,1.5299218217054966,12261.1,4565.0,37.2,200.0,50.0,150.0
swfc_125,LRSY,forest_edge_bird,4545.0,1.0,956.0,6148.0,1.0,2.0,1.0,4451.0,9253.0,341.0,0.0219258516314309,0.0012144088332105,,7435.8,1750.0,17.5,1.2822249982743894,1.6111463722677692,50216.7,9974.9,19.9,4463.0,591.0,3872.0
swfc_125,LRSY,ground_reptile,4659.0,13.0,1483.0,4544.0,1.0,4.0,3.0,4422.0,9152.0,724.0,0.0277872435924384,0.00177200847866,,8370.9,2113.9,14.7,1.4142135623730951,2.149196863636989,50216.7,14348.9,28.6,4465.0,1115.0,3350.0
swfc_125,LRSY,arboreal_mammal,4545.0,0.0,1062.0,6896.0,1.0,1.0,0.0,4458.0,9536.0,90.0,0.0252138033179674,0.0024155414086306,,7973.8,2468.1,24.7,1.4139280411658453,1.9881378188825476,50216.7,9975.0,19.9,4463.0,591.0,3872.0
swfc_125,LRSY,ground_mammal,2086.0,1.0,1475.0,3881.0,1.0,1.0,0.0,2032.0,4536.0,2.0,0.2467937935069572,0.1634265491488223,,24946.8,20300.6,80.5,1.7071067811865477,2.964787589728976,50216.7,25208.1,50.2,2039.0,524.0,1515.0
c53_m20,Perpignan,ground_mammal,532.0,0.0,525.0,1421.0,1.0,1.0,0.0,507.0,1075.0,4.0,0.144440410215046,0.0650274160247996,54.979762292293785,2580.4,1731.3,65.3,1.5606601717798214,3.2026584123362998,6789.5,2651.8,39.1,510.0,119.0,391.0
c53_m20,Perpignan,ground_reptile,691.0,11.0,196.0,1177.0,1.0,14.0,13.0,181.0,1099.0,252.0,0.0099220170191097,0.001641023484058,83.4607874497951,676.3,275.0,23.6,1.4136012156790343,1.978305744436368,6789.5,1167.8,17.2,605.0,91.0,514.0
d0_m25,Kourou,forest_edge_bird,212.0,2.0,69.0,258.0,1.0,1.0,0.0,194.0,370.0,54.0,0.1253384716937851,0.0488456234494277,61.02902581358847,4340.8,2709.8,59.4,1.145191049767567,1.3209002987648728,12261.1,4565.0,37.2,201.0,51.0,150.0
d0_m25,Kourou,ground_reptile,297.0,8.0,81.0,281.0,3.0,4.0,1.0,179.0,442.0,92.0,0.0079135075742281,0.0045115182635737,42.98965128603193,1090.7,823.5,43.9,1.4142135623730951,2.023951659869472,12261.1,1876.2,15.3,286.0,65.0,221.0
d0_m25,Kourou,arboreal_mammal,212.0,0.0,79.0,285.0,1.0,1.0,0.0,201.0,401.0,23.0,0.1293208701250723,0.0730364221931107,43.523097143969295,4409.2,3313.6,72.6,1.2,1.4739545723473926,12261.1,4564.2,37.2,201.0,51.0,150.0
d0_m25,Kourou,ground_mammal,155.0,0.0,31.0,212.0,1.0,2.0,1.0,96.0,273.0,41.0,0.2721865275039506,0.134075460547687,50.741331036033365,6396.8,4489.5,69.5,1.4142135623730951,1.8096081237835195,12261.1,6458.0,52.7,149.0,24.0,125.0
d0_m25,Perpignan,ground_reptile,691.0,21.0,168.0,1057.0,1.0,20.0,19.0,163.0,1016.0,330.0,0.0071892781831751,0.0012874649102533,,575.7,243.6,20.9,1.4007577990882427,2.0060540114971634,6789.5,1167.8,17.2,605.0,91.0,514.0
d0_m25,Perpignan,ground_mammal,532.0,0.0,425.0,1201.0,1.0,1.0,0.0,507.0,1053.0,29.0,0.1413186719722659,0.0528573815132536,62.5970292703946,2552.3,1560.9,58.9,1.5987062412841166,3.3713061526789034,6789.5,2651.8,39.1,510.0,119.0,391.0
c54_m20,Perpignan,ground_reptile,691.0,11.0,196.0,1177.0,1.0,14.0,13.0,181.0,1096.0,261.0,0.0099220170191097,0.0016507615137882,83.36264178333049,676.3,275.9,23.6,1.4142135623730951,2.125523458672622,6789.5,1167.8,17.2,605.0,91.0,514.0
c54_m20,Perpignan,ground_mammal,532.0,0.0,525.0,1421.0,1.0,1.0,0.0,507.0,1076.0,5.0,0.144440410215046,0.0657604675950475,54.47225087692434,2580.4,1741.1,65.7,1.6543651450876526,3.4480667808742136,6789.5,2651.8,39.1,510.0,119.0,391.0
c95_p20,Perpignan,ground_mammal,532.0,0.0,525.0,1421.0,1.0,1.0,0.0,507.0,1075.0,7.0,0.144440410215046,0.0632217956890562,56.229842053944445,2580.4,1707.1,64.4,1.610552493276995,3.3645875390883826,6789.5,2651.8,39.1,510.0,119.0,391.0
c95_p20,Perpignan,ground_reptile,691.0,11.0,196.0,1177.0,1.0,14.0,13.0,181.0,1088.0,270.0,0.0099220170191097,0.0015826271232094,84.04934077253364,676.3,270.1,23.1,1.4136012156790343,2.037625966135621,6789.5,1167.8,17.2,605.0,91.0,514.0
swfc_200,Kourou,forest_edge_bird,212.0,2.0,79.0,285.0,1.0,1.0,0.0,192.0,341.0,83.0,0.1293452575652252,0.0449729634238107,65.23029582191512,4409.6,2600.2,57.0,1.1571348402636772,1.3598986394932635,12261.1,4564.7,37.2,201.0,51.0,150.0
swfc_200,Kourou,ground_mammal,156.0,0.0,32.0,223.0,1.0,2.0,1.0,97.0,270.0,45.0,0.2729053590299438,0.1343398424124323,50.77420139716191,6405.2,4494.0,69.6,1.5,1.984277808950388,12261.1,6458.1,52.7,150.0,25.0,125.0
swfc_200,Kourou,ground_reptile,297.0,15.0,88.0,309.0,1.0,7.0,6.0,161.0,412.0,128.0,0.0091411280355412,0.0042982873892905,52.97858893805503,1172.3,803.9,42.8,1.491624578050972,2.27305692333534,12261.1,1876.1,15.3,286.0,65.0,221.0
swfc_200,Kourou,arboreal_mammal,211.0,2.0,89.0,322.0,1.0,1.0,0.0,198.0,374.0,47.0,0.1331037040569983,0.0736924656474286,44.635300595487806,4473.2,3328.4,72.9,1.2488451802492555,1.9364050034925897,12261.1,4565.0,37.2,200.0,50.0,150.0
swfc_200,LRSY,forest_edge_bird,4545.0,15.0,956.0,6148.0,1.0,10.0,9.0,4393.0,8588.0,1009.0,0.0219258516314309,0.0008299642305196,,7435.8,1446.7,14.5,1.3107218663813367,1.664917933965263,50216.7,9974.9,19.9,4463.0,591.0,3872.0
swfc_200,LRSY,arboreal_mammal,4545.0,4.0,1062.0,6896.0,1.0,2.0,1.0,4447.0,9325.0,311.0,0.0252138033179674,0.0015543155121098,,7973.8,1979.8,19.8,1.4460639552237156,2.190326157077749,50216.7,9975.0,19.9,4463.0,591.0,3872.0
swfc_200,LRSY,ground_reptile,4659.0,48.0,1483.0,4544.0,1.0,11.0,10.0,3677.0,8518.0,1371.0,0.0277872435924384,0.0011847380282463,,8370.9,1728.5,12.0,1.4714045207910318,2.433502672795069,50216.7,14348.9,28.6,4465.0,1115.0,3350.0
swfc_200,LRSY,ground_mammal,2086.0,1.0,1475.0,3881.0,1.0,1.0,0.0,2033.0,4514.0,28.0,0.2467937935069572,0.1410810676249922,,24946.8,18861.8,74.8,1.7475468957064284,3.4856726763904518,50216.7,25208.1,50.2,2039.0,524.0,1515.0
swfc_200,Perpignan,ground_mammal,532.0,0.0,525.0,1421.0,1.0,2.0,1.0,503.0,1002.0,83.0,0.144440410215046,0.0441414633739791,69.43967182849977,2580.4,1426.5,53.8,1.6944078346044074,4.016381594550936,6789.5,2651.8,39.1,510.0,119.0,391.0
swfc_200,Perpignan,ground_reptile,691.0,30.0,196.0,1177.0,1.0,22.0,21.0,141.0,947.0,421.0,0.0099220170191097,0.0011186343116506,88.72573681847017,676.3,227.1,19.4,1.4142135623730951,2.3056219157379108,6789.5,1167.8,17.2,605.0,91.0,514.0
swfc_200,Perpignan,forest_edge_bird,739.0,15.0,363.0,1844.0,1.0,18.0,17.0,295.0,1097.0,331.0,0.0281841950059536,0.0020180904088994,92.8396379301481,1139.8,305.0,21.4,1.4142135623730951,1.9677507007807935,6789.5,1424.4,21.0,682.0,110.0,572.0
swfc_200,Perpignan,arboreal_mammal,627.0,10.0,280.0,1979.0,1.0,10.0,9.0,293.0,969.0,241.0,0.0071678785057806,0.0005503757094626,92.32163730148632,574.8,159.3,21.1,1.4071067811865476,1.97770633984288,6789.5,753.2,11.1,575.0,72.0,503.0
swfc_200,Toulouse,ground_reptile,3577.0,163.0,664.0,4244.0,1.0,84.0,83.0,849.0,4948.0,2219.0,0.0008348706821107,6.241453930378573e-05,,1331.7,364.1,7.1,1.429221513179041,2.041729874873305,46087.4,5112.2,11.1,3405.0,467.0,2938.0
swfc_200,Toulouse,arboreal_mammal,4769.0,16.0,894.0,7657.0,1.0,4.0,3.0,4636.0,9343.0,696.0,0.0234548088476042,0.0016766828292885,,7058.3,1887.2,20.6,1.5815811159807822,2.375801371636096,46087.4,9161.2,19.9,4681.0,404.0,4277.0
swfc_200,Toulouse,ground_mammal,4733.0,2.0,1526.0,7974.0,1.0,1.0,0.0,4669.0,10285.0,90.0,0.0922808253372214,0.0172724635254097,,14000.3,6057.0,40.7,1.7071067811865477,2.810420479594221,46087.4,14891.1,32.3,4679.0,570.0,4109.0
swfc_200,Toulouse,forest_edge_bird,4769.0,46.0,746.0,6885.0,1.0,19.0,18.0,4469.0,8440.0,1566.0,0.0201347450988623,0.0011434900945411,,6539.7,1558.5,17.0,1.4439745472432326,1.8741080510141896,46087.4,9161.1,19.9,4681.0,404.0,4277.0
swfc_200,LaRochelle,forest_edge_bird,1045.0,131.0,206.0,1284.0,1.0,72.0,71.0,120.0,1001.0,879.0,0.0002337931191182,3.6391498428051854e-05,,505.9,199.6,13.5,1.289954107371877,1.5400001089963875,33083.8,1478.9,4.5,1015.0,124.0,891.0
swfc_200,LaRochelle,arboreal_mammal,1046.0,57.0,238.0,1438.0,1.0,42.0,41.0,247.0,1263.0,625.0,0.0003269143163134,4.496991625600759e-05,,598.2,221.9,15.0,1.3631640283626054,1.710095658379949,33083.8,1478.9,4.5,1015.0,124.0,891.0
swfc_200,LaRochelle,ground_mammal,2161.0,0.0,614.0,3002.0,1.0,2.0,1.0,2114.0,4207.0,183.0,0.0281850282595752,0.0047172889558021,,5554.2,2272.3,34.7,1.4820072365614474,2.027103598818565,33083.8,6555.6,19.8,2122.0,301.0,1821.0
swfc_200,LaRochelle,ground_reptile,2219.0,137.0,287.0,2265.0,1.0,80.0,79.0,446.0,2834.0,1546.0,0.0067345722251939,0.0019740957075586,,2715.0,1469.9,30.3,1.5606601717798214,2.290547948853045,33083.8,4857.5,14.7,2170.0,216.0,1954.0
swfc_200,Nancy,ground_reptile,826.0,45.0,194.0,905.0,1.0,22.0,21.0,398.0,1090.0,527.0,0.0076765152617611,0.0008156932196027,,1251.7,408.0,19.7,1.4571067811865477,2.23179135930754,14285.8,2070.0,14.5,793.0,127.0,666.0
swfc_200,Nancy,ground_mammal,1175.0,1.0,424.0,1839.0,1.0,1.0,0.0,1161.0,2617.0,26.0,0.2230278123529433,0.084578823535452,,6746.6,4154.7,60.0,1.6824595137478835,3.116989958700429,14285.8,6925.7,48.5,1163.0,159.0,1004.0
swfc_200,Nancy,arboreal_mammal,1211.0,2.0,257.0,1911.0,1.0,1.0,0.0,1184.0,2453.0,126.0,0.0925004620787487,0.0281845788082434,,4344.9,2398.3,50.7,1.5172500663952864,2.296145965489897,14285.8,4735.0,33.1,1189.0,121.0,1068.0
swfc_200,Nancy,forest_edge_bird,1211.0,11.0,220.0,1699.0,1.0,4.0,3.0,1151.0,2187.0,384.0,0.0878538289069363,0.0241394357468802,,4234.3,2219.6,46.9,1.4454086306010605,1.8393100198465373,14285.8,4735.1,33.1,1189.0,121.0,1068.0
c20_p20,Perpignan,ground_reptile,691.0,12.0,196.0,1177.0,1.0,14.0,13.0,181.0,1087.0,271.0,0.0099220170191097,0.0015526765936416,84.3512000568915,676.3,267.5,22.9,1.414213562373095,2.0370226971280254,6789.5,1167.8,17.2,605.0,91.0,514.0
c20_p20,Perpignan,ground_mammal,532.0,0.0,525.0,1421.0,1.0,1.0,0.0,507.0,1075.0,7.0,0.144440410215046,0.0631318501479996,56.29211378311128,2580.4,1705.9,64.3,1.60947570824873,3.3483453875732736,6789.5,2651.8,39.1,510.0,119.0,391.0
swd0_075,Perpignan,ground_mammal,532.0,0.0,425.0,1201.0,1.0,1.0,0.0,507.0,1053.0,29.0,0.1413186719722659,0.0528573815132536,62.5970292703946,2552.3,1560.9,58.9,1.5987062412841166,3.3713061526789034,6789.5,2651.8,39.1,510.0,119.0,391.0
swd0_075,Kourou,ground_reptile,297.0,8.0,81.0,281.0,3.0,4.0,1.0,179.0,442.0,92.0,0.0079135075742281,0.0045115182635737,42.98965128603193,1090.7,823.5,43.9,1.4142135623730951,2.023951659869472,12261.1,1876.2,15.3,286.0,65.0,221.0
swd0_075,Kourou,forest_edge_bird,212.0,2.0,69.0,258.0,1.0,1.0,0.0,194.0,370.0,54.0,0.1253384716937851,0.0488456234494277,61.02902581358847,4340.8,2709.8,59.4,1.145191049767567,1.3209002987648728,12261.1,4565.0,37.2,201.0,51.0,150.0
swd0_075,Kourou,ground_mammal,155.0,0.0,31.0,212.0,1.0,2.0,1.0,96.0,273.0,41.0,0.2721865275039506,0.134075460547687,50.741331036033365,6396.8,4489.5,69.5,1.4142135623730951,1.8096081237835195,12261.1,6458.0,52.7,149.0,24.0,125.0
swd0_075,Kourou,arboreal_mammal,212.0,0.0,79.0,285.0,1.0,1.0,0.0,201.0,401.0,23.0,0.1293208701250723,0.0730364221931107,43.523097143969295,4409.2,3313.6,72.6,1.2,1.4739545723473926,12261.1,4564.2,37.2,201.0,51.0,150.0
c52_p20,Perpignan,ground_reptile,691.0,13.0,196.0,1177.0,1.0,15.0,14.0,181.0,1079.0,279.0,0.0099220170191097,0.0015791449098343,84.08443659396137,676.3,269.8,23.1,1.4136012156790343,2.041898181001067,6789.5,1167.8,17.2,605.0,91.0,514.0
c52_p20,Perpignan,ground_mammal,532.0,0.0,525.0,1421.0,1.0,1.0,0.0,507.0,1075.0,8.0,0.144440410215046,0.0625147653069749,56.71933829743241,2580.4,1697.6,64.0,1.620349257917431,3.533972733230065,6789.5,2651.8,39.1,510.0,119.0,391.0
c55_p20,Perpignan,ground_mammal,532.0,0.0,525.0,1421.0,1.0,1.0,0.0,507.0,1075.0,7.0,0.144440410215046,0.0625436926861568,56.69931109096101,2580.4,1698.0,64.0,1.60947570824873,3.348767267294228,6789.5,2651.8,39.1,510.0,119.0,391.0
c55_p20,Perpignan,ground_reptile,691.0,11.0,196.0,1177.0,1.0,14.0,13.0,181.0,1088.0,269.0,0.0099220170191097,0.0015757631301041,84.11852018526822,676.3,269.5,23.1,1.4139073890260647,2.039358531310071,6789.5,1167.8,17.2,605.0,91.0,514.0
c60_p20,Perpignan,ground_mammal,532.0,0.0,525.0,1421.0,1.0,1.0,0.0,507.0,1074.0,7.0,0.144440410215046,0.063213544483809,56.23555458635479,2580.4,1707.0,64.4,1.6124368670764582,3.368452908359138,6789.5,2651.8,39.1,510.0,119.0,391.0
c60_p20,Perpignan,ground_reptile,691.0,11.0,196.0,1177.0,1.0,14.0,13.0,181.0,1088.0,271.0,0.0099220170191097,0.0015812299145988,84.0634226735004,676.3,270.0,23.1,1.4139073890260647,2.0375903107432136,6789.5,1167.8,17.2,605.0,91.0,514.0
c30_m20,Perpignan,ground_mammal,532.0,0.0,525.0,1421.0,1.0,1.0,0.0,507.0,1075.0,7.0,0.144440410215046,0.0638454070358339,55.79809906328877,2580.4,1715.5,64.7,1.620349257917431,3.366200181644313,6789.5,2651.8,39.1,510.0,119.0,391.0
swfc_025,Kourou,arboreal_mammal,211.0,0.0,89.0,322.0,1.0,1.0,0.0,200.0,420.0,0.0,0.1331037040569983,0.1155956170029553,13.153718882643297,4473.2,4168.7,91.3,1.1284289926091065,1.2881033308279162,12261.1,4565.0,37.2,200.0,50.0,150.0
swfc_025,Kourou,forest_edge_bird,212.0,0.0,79.0,285.0,1.0,1.0,0.0,201.0,423.0,0.0,0.1293452575652252,0.1002611506564453,22.485638403954297,4409.6,3882.3,85.1,1.101015254455221,1.2190069923527511,12261.1,4564.7,37.2,201.0,51.0,150.0
swfc_025,Kourou,ground_mammal,156.0,0.0,32.0,223.0,1.0,2.0,1.0,97.0,277.0,37.0,0.2729053590299438,0.1428867652617934,47.64237471565535,6405.2,4634.7,71.8,1.3266578512846214,1.530058620269109,12261.1,6458.1,52.7,150.0,25.0,125.0
swfc_025,Kourou,ground_reptile,297.0,0.0,88.0,309.0,1.0,4.0,3.0,188.0,532.0,7.0,0.0091411280355412,0.0063180085716462,30.883709897931315,1172.3,974.6,51.9,1.2377830105420529,1.5107198764506935,12261.1,1876.1,15.3,286.0,65.0,221.0
swfc_025,Perpignan,ground_reptile,691.0,0.0,196.0,1177.0,1.0,4.0,3.0,370.0,1274.0,64.0,0.0099220170191097,0.0030441008962235,69.31973720302415,676.3,374.6,32.1,1.2649110640673518,1.657620294077391,6789.5,1167.8,17.2,605.0,91.0,514.0
swfc_025,Perpignan,forest_edge_bird,739.0,0.0,363.0,1844.0,1.0,1.0,0.0,678.0,1421.0,1.0,0.0281841950059536,0.0087794781246797,68.84964029369965,1139.8,636.2,44.7,1.3217050383570064,1.476475252401024,6789.5,1424.4,21.0,682.0,110.0,572.0
swfc_025,Perpignan,arboreal_mammal,627.0,0.0,280.0,1979.0,1.0,1.0,0.0,572.0,1198.0,0.0,0.0071678785057806,0.0025314027018485,64.68407353993118,574.8,341.6,45.4,1.25,1.3904262442953224,6789.5,753.2,11.1,575.0,72.0,503.0
swfc_025,Perpignan,ground_mammal,532.0,0.0,525.0,1421.0,1.0,1.0,0.0,505.0,1065.0,0.0,0.144440410215046,0.1017820947930625,29.533504757064087,2580.4,2166.1,81.7,1.4142135623730951,1.9719838342810443,6789.5,2651.8,39.1,510.0,119.0,391.0
swfc_025,Toulouse,arboreal_mammal,4769.0,0.0,894.0,7657.0,1.0,1.0,0.0,4678.0,10002.0,2.0,0.0234548088476042,0.007427214260327,,7058.3,3971.9,43.4,1.3523036473131311,1.5860382593924174,46087.4,9161.2,19.9,4681.0,404.0,4277.0
swfc_025,Toulouse,ground_mammal,4733.0,2.0,1526.0,7974.0,1.0,1.0,0.0,4671.0,10348.0,3.0,0.0922808253372214,0.0528982698786249,,14000.3,10599.9,71.2,1.4142135623730951,1.8430221454043672,46087.4,14891.1,32.3,4679.0,570.0,4109.0
swfc_025,Toulouse,forest_edge_bird,4769.0,0.0,746.0,6885.0,1.0,1.0,0.0,4678.0,9993.0,2.0,0.0201347450988623,0.0050865799675657,,6539.7,3287.0,35.9,1.3156686851538182,1.5183713895290252,46087.4,9161.1,19.9,4681.0,404.0,4277.0
swfc_025,Toulouse,ground_reptile,3577.0,1.0,664.0,4244.0,1.0,1.0,0.0,3399.0,6987.0,144.0,0.0008348706821107,0.0002147296952816,,1331.7,675.3,13.2,1.2643633645338648,1.5011403654293174,46087.4,5112.2,11.1,3405.0,467.0,2938.0
swfc_025,Nancy,ground_reptile,826.0,0.0,194.0,905.0,1.0,1.0,0.0,792.0,1576.0,33.0,0.0076765152617611,0.002359327938057,,1251.7,693.9,33.5,1.2781381757759445,1.72362593151705,14285.8,2070.0,14.5,793.0,127.0,666.0
swfc_025,Nancy,arboreal_mammal,1211.0,0.0,257.0,1911.0,1.0,1.0,0.0,1186.0,2570.0,0.0,0.0925004620787487,0.0552869018895031,,4344.9,3359.1,70.9,1.352763442428932,1.563789374252493,14285.8,4735.0,33.1,1189.0,121.0,1068.0
swfc_025,Nancy,forest_edge_bird,1211.0,0.0,220.0,1699.0,1.0,1.0,0.0,1186.0,2569.0,0.0,0.0878538289069363,0.0468108006134721,,4234.3,3090.9,65.3,1.3187035088706882,1.5115588800256234,14285.8,4735.1,33.1,1189.0,121.0,1068.0
swfc_025,Nancy,ground_mammal,1175.0,1.0,424.0,1839.0,1.0,1.0,0.0,1161.0,2625.0,6.0,0.2230278123529433,0.1716116341883701,,6746.6,5918.1,85.5,1.4395588367115115,2.0573133620812567,14285.8,6925.7,48.5,1163.0,159.0,1004.0
swfc_025,LaRochelle,ground_mammal,2161.0,0.0,614.0,3002.0,1.0,1.0,0.0,2117.0,4377.0,7.0,0.0281850282595752,0.0120170776070411,,5554.2,3626.7,55.3,1.3385848858126042,1.5874897978287568,33083.8,6555.6,19.8,2122.0,301.0,1821.0
swfc_025,LaRochelle,ground_reptile,2219.0,0.0,287.0,2265.0,1.0,1.0,0.0,2164.0,4292.0,73.0,0.0067345722251939,0.003603118232518,,2715.0,1985.9,40.9,1.3071067811865476,1.60744669976442,33083.8,4857.5,14.7,2170.0,216.0,1954.0
swfc_025,LaRochelle,arboreal_mammal,1046.0,0.0,238.0,1438.0,1.0,1.0,0.0,1011.0,1875.0,6.0,0.0003269143163134,0.0001092631834104,,598.2,345.8,23.4,1.1977853538024572,1.3317928459121262,33083.8,1478.9,4.5,1015.0,124.0,891.0
swfc_025,LaRochelle,forest_edge_bird,1045.0,0.0,206.0,1284.0,1.0,2.0,1.0,1007.0,1851.0,29.0,0.0002337931191182,8.111613882764678e-05,,505.9,298.0,20.1,1.162454936660589,1.2941529958192663,33083.8,1478.9,4.5,1015.0,124.0,891.0
swfc_025,LRSY,ground_reptile,4659.0,0.0,1483.0,4544.0,1.0,1.0,0.0,4460.0,9833.0,20.0,0.0277872435924384,0.0058272910290487,,8370.9,3833.4,26.7,1.25,1.564910504265913,50216.7,14348.9,28.6,4465.0,1115.0,3350.0
swfc_025,LRSY,arboreal_mammal,4545.0,0.0,1062.0,6896.0,1.0,1.0,0.0,4458.0,9590.0,0.0,0.0252138033179674,0.0089595277200187,,7973.8,4753.2,47.7,1.2377830105420526,1.4665090283502753,50216.7,9975.0,19.9,4463.0,591.0,3872.0
swfc_025,LRSY,ground_mammal,2086.0,1.0,1475.0,3881.0,1.0,1.0,0.0,2030.0,4525.0,1.0,0.2467937935069572,0.2139068401936162,,24946.8,23225.2,92.1,1.4142135623730951,1.839621919699655,50216.7,25208.1,50.2,2039.0,524.0,1515.0
swfc_025,LRSY,forest_edge_bird,4545.0,0.0,956.0,6148.0,1.0,1.0,0.0,4459.0,9576.0,0.0,0.0219258516314309,0.0052636930670638,,7435.8,3643.3,36.5,1.1988104163382045,1.397323065475835,50216.7,9974.9,19.9,4463.0,591.0,3872.0
c30_p20,Perpignan,ground_mammal,532.0,0.0,525.0,1421.0,1.0,1.0,0.0,507.0,1073.0,7.0,0.144440410215046,0.062635470699149,56.63577069194417,2580.4,1699.2,64.1,1.6057428371556597,3.313436738763581,6789.5,2651.8,39.1,510.0,119.0,391.0
c30_p20,Perpignan,ground_reptile,691.0,12.0,196.0,1177.0,1.0,14.0,13.0,181.0,1082.0,266.0,0.0099220170191097,0.0015557347316249,84.32037831996698,676.3,267.8,22.9,1.390015816517717,1.9670965947154255,6789.5,1167.8,17.2,605.0,91.0,514.0
swd0_120,Nancy,arboreal_mammal,1211.0,0.0,291.0,2095.0,1.0,1.0,0.0,1186.0,2571.0,3.0,0.0950116839578305,0.0379157255487704,,4403.5,2781.7,58.8,1.4670082121375128,2.019292580095732,14285.8,4734.8,33.1,1189.0,121.0,1068.0
swd0_120,Nancy,forest_edge_bird,1211.0,0.0,243.0,1838.0,1.0,1.0,0.0,1186.0,2539.0,32.0,0.0908942738835951,0.0320359952483649,,4307.0,2557.0,54.0,1.4136012156790343,1.7370171229789024,14285.8,4735.0,33.1,1189.0,121.0,1068.0
swd0_120,Nancy,ground_mammal,1175.0,1.0,424.0,1839.0,1.0,1.0,0.0,1161.0,2631.0,6.0,0.2249511417960329,0.1299642136180024,,6775.6,5150.1,74.4,1.6014810329610556,2.7577143053530127,14285.8,6925.7,48.5,1163.0,159.0,1004.0
swd0_120,Nancy,ground_reptile,826.0,6.0,208.0,990.0,1.0,2.0,1.0,774.0,1406.0,209.0,0.0087653509104853,0.0013094535309662,,1337.5,517.0,25.0,1.408887284049781,1.98236666950538,14285.8,2070.0,14.5,793.0,127.0,666.0
swd0_120,Kourou,ground_reptile,297.0,3.0,99.0,325.0,1.0,4.0,3.0,185.0,493.0,50.0,0.0099777992955024,0.0050777410264599,,1224.7,873.7,46.6,1.4142135623730951,1.984749561118782,12261.1,1876.1,15.3,286.0,65.0,221.0
swd0_120,Kourou,forest_edge_bird,211.0,0.0,84.0,300.0,1.0,1.0,0.0,200.0,401.0,20.0,0.13157430091393,0.0774119838564841,,4447.5,3411.4,74.7,1.1428571428571428,1.32456957206631,12261.1,4564.1,37.2,200.0,50.0,150.0
swd0_120,Kourou,arboreal_mammal,210.0,0.0,99.0,344.0,1.0,1.0,0.0,199.0,411.0,4.0,0.1341516096108772,0.0983572567263931,,4490.8,3845.3,84.3,1.206160233940369,1.485390667749713,12261.1,4562.9,37.2,199.0,49.0,150.0
swd0_120,Kourou,ground_mammal,156.0,0.0,32.0,223.0,1.0,2.0,1.0,97.0,278.0,37.0,0.273615116800985,0.1360930536662094,,6413.5,4523.2,70.0,1.4142135623730951,1.800379701570574,12261.1,6458.6,52.7,150.0,25.0,125.0
swd0_120,Perpignan,ground_mammal,532.0,0.0,526.0,1424.0,1.0,1.0,0.0,507.0,1079.0,3.0,0.1457435550449587,0.0701926174322356,,2592.0,1798.8,67.8,1.60947570824873,3.356677706535787,6789.5,2651.8,39.1,510.0,119.0,391.0
swd0_120,Perpignan,ground_reptile,691.0,8.0,219.0,1317.0,1.0,14.0,13.0,182.0,1129.0,235.0,0.0130765361144438,0.0019693630744839,,776.4,301.3,25.8,1.4142135623730951,2.1881432540780525,6789.5,1167.8,17.2,605.0,91.0,514.0
swd0_120,Perpignan,arboreal_mammal,627.0,0.0,319.0,2264.0,1.0,1.0,0.0,573.0,1165.0,43.0,0.0077651994516367,0.0011311468027046,,598.3,228.3,30.3,1.3737734478532142,1.752317816481948,6789.5,753.2,11.1,575.0,72.0,503.0
swd0_120,Perpignan,forest_edge_bird,739.0,1.0,424.0,2063.0,1.0,3.0,2.0,409.0,1328.0,98.0,0.0301995459423437,0.0038217803874369,,1179.9,419.7,29.5,1.4142135623730951,1.794451555519593,6789.5,1424.4,21.0,682.0,110.0,572.0
swd0_120,LRSY,arboreal_mammal,4545.0,0.0,1164.0,7569.0,1.0,1.0,0.0,4459.0,9609.0,12.0,0.0270612631192233,0.0038071214126012,,8260.8,3098.5,31.1,1.384030093403679,1.8873861783909889,50216.7,9975.0,19.9,4463.0,591.0,3872.0
swd0_120,LRSY,forest_edge_bird,4545.0,0.0,1014.0,6636.0,1.0,1.0,0.0,4458.0,9509.0,82.0,0.0240326983748047,0.0018242743637167,,7784.8,2144.8,21.5,1.2681588607550758,1.5834358739793446,50216.7,9975.0,19.9,4463.0,591.0,3872.0
swd0_120,LRSY,ground_reptile,4659.0,4.0,1563.0,4789.0,1.0,3.0,2.0,4432.0,9527.0,345.0,0.0323176660157361,0.0026730002063448,,9027.5,2596.3,18.1,1.4142135623730951,2.0689542397488343,50216.7,14349.0,28.6,4465.0,1115.0,3350.0
swd0_120,LRSY,ground_mammal,2086.0,1.0,1478.0,3882.0,1.0,1.0,0.0,2032.0,4537.0,1.0,0.2476499692581572,0.1826037106296838,,24990.0,21458.7,85.1,1.658222432196311,2.809833680346081,50216.7,25208.1,50.2,2039.0,524.0,1515.0
swd0_120,LaRochelle,forest_edge_bird,1045.0,6.0,227.0,1362.0,1.0,19.0,18.0,719.0,1520.0,359.0,0.0002875183849237,4.9367084077477216e-05,,561.0,232.5,15.7,1.235702260395516,1.4381620961772357,33083.8,1478.9,4.5,1015.0,124.0,891.0
swd0_120,LaRochelle,ground_reptile,2219.0,9.0,294.0,2349.0,1.0,7.0,6.0,1890.0,3785.0,587.0,0.0073956710264212,0.0026207703123367,,2845.1,1693.7,34.9,1.4714045207910318,2.0420956955413447,33083.8,4857.0,14.7,2170.0,216.0,1954.0
swd0_120,LaRochelle,arboreal_mammal,1048.0,1.0,255.0,1561.0,1.0,7.0,6.0,965.0,1718.0,170.0,0.0004053050407446,6.47471398038834e-05,,666.1,266.2,18.0,1.3012693406827869,1.5574063156604756,33083.8,1478.9,4.5,1015.0,124.0,891.0
swd0_120,LaRochelle,ground_mammal,2161.0,0.0,614.0,3003.0,1.0,1.0,0.0,2117.0,4377.0,12.0,0.0296594611805995,0.0070080282677595,,5697.7,2769.6,42.2,1.435959517271817,1.8791043286497104,33083.8,6555.6,19.8,2122.0,301.0,1821.0
swd0_120,Toulouse,forest_edge_bird,4769.0,0.0,833.0,7393.0,1.0,2.0,1.0,4670.0,9807.0,193.0,0.022268009393738,0.0021475411586722,,6877.4,2135.8,23.3,1.4142135623730951,1.763947239680458,46087.4,9161.4,19.9,4681.0,404.0,4277.0
swd0_120,Toulouse,ground_mammal,4733.0,2.0,1527.0,7976.0,1.0,1.0,0.0,4671.0,10365.0,4.0,0.0941550168366768,0.0320890079031474,,14141.8,8255.8,55.4,1.616738373451902,2.4541995462054875,46087.4,14891.2,32.3,4679.0,570.0,4109.0
swd0_120,Toulouse,ground_reptile,3577.0,24.0,724.0,4489.0,1.0,5.0,4.0,3347.0,6421.0,734.0,0.0010576576099002,0.0001084102366619,,1498.8,479.9,9.4,1.3891783145414265,1.8311453618268123,46087.4,5112.2,11.1,3405.0,467.0,2938.0
swd0_120,Toulouse,arboreal_mammal,4769.0,0.0,983.0,8204.0,1.0,1.0,0.0,4676.0,9983.0,36.0,0.0254185824969867,0.0033715386565464,,7347.8,2676.1,29.2,1.5,2.036005669252862,46087.4,9160.8,19.9,4681.0,404.0,4277.0
swd0_050,LaRochelle,ground_mammal,2160.0,0.0,438.0,2361.0,1.0,3.0,2.0,2103.0,4154.0,234.0,0.019867929663624,0.0045082274451269,,4663.3,2221.4,33.9,1.449693869947861,1.8833657983376384,33083.8,6555.7,19.8,2122.0,301.0,1821.0
swd0_050,LaRochelle,arboreal_mammal,1042.0,68.0,175.0,1130.0,1.0,47.0,46.0,215.0,1208.0,669.0,0.0001538271932647,4.251993581514808e-05,,410.3,215.7,14.6,1.3333333333333333,1.6301620466593143,33083.8,1478.9,4.5,1015.0,124.0,891.0
swd0_050,LaRochelle,forest_edge_bird,1041.0,144.0,157.0,1054.0,3.0,74.0,71.0,120.0,957.0,884.0,0.0001175024065092,3.543984725844362e-05,,358.6,197.0,13.3,1.2847534944935315,1.4979025775703805,33083.8,1478.9,4.5,1015.0,124.0,891.0
swd0_050,LaRochelle,ground_reptile,2210.0,175.0,252.0,2110.0,2.0,96.0,94.0,402.0,2636.0,1583.0,0.0050727524422563,0.0018435454874931,,2356.3,1420.5,29.2,1.4874368670764582,2.0756467070239304,33083.8,4857.4,14.7,2170.0,216.0,1954.0
swd0_050,LRSY,ground_mammal,2086.0,1.0,958.0,2663.0,1.0,1.0,0.0,2032.0,4501.0,38.0,0.2417497144602692,0.1287770069852595,,24690.5,18020.5,71.5,1.6666666666666667,2.812981844270203,50216.7,25208.4,50.2,2039.0,524.0,1515.0
swd0_050,LRSY,forest_edge_bird,4545.0,18.0,776.0,5008.0,1.0,14.0,13.0,4367.0,8408.0,1183.0,0.0131582596350853,0.0007659101946831,,5760.3,1389.7,13.9,1.2869854915020635,1.604859576621437,50216.7,9975.0,19.9,4463.0,591.0,3872.0
swd0_050,LRSY,ground_reptile,4657.0,58.0,1309.0,3988.0,1.0,13.0,12.0,3453.0,8127.0,1720.0,0.0134823442486694,0.0009571618984438,,5830.8,1553.6,10.8,1.4142135623730951,2.02622767914658,50216.7,14348.8,28.6,4465.0,1115.0,3350.0
swd0_050,LRSY,arboreal_mammal,4545.0,4.0,852.0,5424.0,1.0,3.0,2.0,4443.0,9220.0,401.0,0.01677681052441,0.0013107555402267,,6504.3,1818.1,18.2,1.385067356680452,1.881102613199113,50216.7,9975.1,19.9,4463.0,591.0,3872.0
swd0_050,Nancy,arboreal_mammal,1211.0,3.0,185.0,1497.0,1.0,3.0,2.0,1167.0,2399.0,175.0,0.0798689696520899,0.02701201869396,,4037.3,2347.9,49.6,1.4714045207910318,2.0167676932206464,14285.8,4734.8,33.1,1189.0,121.0,1068.0
swd0_050,Nancy,ground_reptile,822.0,58.0,167.0,776.0,1.0,26.0,25.0,199.0,1015.0,544.0,0.0041571874159406,0.0007463824628268,,921.1,390.3,18.9,1.4142135623730951,1.890990738309336,14285.8,2070.1,14.5,793.0,127.0,666.0
swd0_050,Nancy,forest_edge_bird,1211.0,13.0,172.0,1369.0,1.0,5.0,4.0,1140.0,2131.0,440.0,0.0731914698989258,0.0233987315454431,,3864.9,2185.3,46.2,1.4166627845256776,1.7661966944135568,14285.8,4734.8,33.1,1189.0,121.0,1068.0
swd0_050,Nancy,ground_mammal,1175.0,1.0,289.0,1437.0,1.0,1.0,0.0,1161.0,2602.0,35.0,0.2109542228877172,0.0716281760296093,,6561.4,3823.4,55.2,1.5959593568644472,2.646509900448726,14285.8,6925.4,48.5,1163.0,159.0,1004.0
swd0_050,Perpignan,arboreal_mammal,627.0,13.0,168.0,1219.0,1.0,12.0,11.0,291.0,939.0,269.0,0.0047730399173463,0.0005057370549193,,469.1,152.7,20.3,1.3642899254302223,1.717067793492862,6789.5,753.2,11.1,575.0,72.0,503.0
swd0_050,Perpignan,ground_reptile,691.0,32.0,148.0,888.0,2.0,25.0,23.0,133.0,910.0,408.0,0.0052119740029493,0.0009859600932446,,490.2,213.2,18.3,1.39554889413315,1.9891303118918948,6789.5,1167.8,17.2,605.0,91.0,514.0
swd0_050,Perpignan,forest_edge_bird,739.0,17.0,229.0,1197.0,1.0,22.0,21.0,249.0,1067.0,359.0,0.0175594458936228,0.0018608663608889,,899.7,292.9,20.6,1.4142135623730951,1.764978524759116,6789.5,1424.4,21.0,682.0,110.0,572.0
swd0_050,Perpignan,ground_mammal,532.0,0.0,347.0,959.0,1.0,3.0,2.0,475.0,985.0,96.0,0.1355299078449312,0.0404440325594507,70.15859214947194,2499.5,1365.4,51.5,1.5860241023646906,3.0946051302101325,6789.5,2651.8,39.1,510.0,119.0,391.0
swd0_050,Toulouse,arboreal_mammal,4769.0,24.0,611.0,6073.0,1.0,5.0,4.0,4614.0,9150.0,867.0,0.0140300336263373,0.0014985046833922,,5459.0,1784.1,19.5,1.5,2.0455362793215746,46087.4,9161.1,19.9,4681.0,404.0,4277.0
swd0_050,Toulouse,ground_mammal,4733.0,2.0,1033.0,6254.0,1.0,1.0,0.0,4667.0,10241.0,133.0,0.0814342876940703,0.0152067426023784,,13151.8,5683.3,38.2,1.6165148348905798,2.409214492934698,46087.4,14891.3,32.3,4679.0,570.0,4109.0
swd0_050,Toulouse,ground_reptile,3568.0,213.0,559.0,3593.0,3.0,122.0,119.0,799.0,4566.0,2463.0,0.0003376460030976,5.569807605101883e-05,,846.9,344.0,6.7,1.4112650832564655,1.8542327451778051,46087.4,5112.2,11.1,3405.0,467.0,2938.0
swd0_050,Toulouse,forest_edge_bird,4768.0,58.0,545.0,5631.0,1.0,23.0,22.0,4442.0,8217.0,1780.0,0.0106585621982954,0.0010831739962315,,4758.1,1516.8,16.6,1.4142135623730951,1.7809749566366813,46087.4,9160.4,19.9,4680.0,403.0,4277.0
swd0_050,Kourou,ground_mammal,155.0,0.0,29.0,196.0,1.0,3.0,2.0,95.0,267.0,50.0,0.2666685627111276,0.1324672835432108,50.32512186796166,6331.6,4462.5,69.1,1.4142135623730951,1.8054185549452768,12261.1,6459.7,52.7,149.0,24.0,125.0
swd0_050,Kourou,arboreal_mammal,212.0,2.0,67.0,244.0,1.0,1.0,0.0,197.0,368.0,56.0,0.1229571368540289,0.0496405133295502,59.62779013919138,4299.4,2731.8,59.9,1.2,1.46421710571429,12261.1,4564.4,37.2,201.0,51.0,150.0
swd0_050,Kourou,ground_reptile,296.0,16.0,78.0,255.0,4.0,8.0,4.0,158.0,395.0,123.0,0.0070274381786267,0.0041944577165069,40.31313246889919,1027.8,794.1,42.3,1.4356339119454962,2.090450318063247,12261.1,1876.1,15.3,286.0,65.0,221.0
swd0_050,Kourou,forest_edge_bird,214.0,2.0,66.0,228.0,1.0,2.0,1.0,186.0,335.0,89.0,0.1177382670174567,0.0364348863672129,69.05433782050588,4207.1,2340.4,51.3,1.155781120112276,1.333045442976267,12261.1,4565.2,37.2,202.0,52.0,150.0
c60_m20,Perpignan,ground_reptile,691.0,11.0,196.0,1177.0,1.0,14.0,13.0,181.0,1089.0,269.0,0.0099220170191097,0.0015841050228368,84.03444561941468,676.3,270.2,23.1,1.4136012156790343,2.0362621560703325,6789.5,1167.8,17.2,605.0,91.0,514.0
c60_m20,Perpignan,ground_mammal,532.0,0.0,525.0,1421.0,1.0,1.0,0.0,507.0,1074.0,7.0,0.144440410215046,0.0632307164812605,56.22366594838576,2580.4,1707.3,64.4,1.6116292783052597,3.367012961591995,6789.5,2651.8,39.1,510.0,119.0,391.0
c55_m20,Perpignan,ground_reptile,691.0,11.0,196.0,1177.0,1.0,14.0,13.0,181.0,1090.0,268.0,0.0099220170191097,0.0015908498313588,83.9664674199321,676.3,270.8,23.2,1.4136012156790343,2.0398683195677503,6789.5,1167.8,17.2,605.0,91.0,514.0
c55_m20,Perpignan,ground_mammal,532.0,0.0,525.0,1421.0,1.0,1.0,0.0,507.0,1075.0,7.0,0.144440410215046,0.0639566032572686,55.72111491372207,2580.4,1717.0,64.7,1.6133446402397125,3.387927144226901,6789.5,2651.8,39.1,510.0,119.0,391.0
c52_m20,Perpignan,ground_mammal,532.0,0.0,525.0,1421.0,1.0,1.0,0.0,507.0,1075.0,7.0,0.144440410215046,0.0641462163971347,55.589840612033406,2580.4,1719.6,64.8,1.600976923954165,3.26089301534502,6789.5,2651.8,39.1,510.0,119.0,391.0
c52_m20,Perpignan,ground_reptile,691.0,9.0,196.0,1177.0,1.0,14.0,13.0,182.0,1102.0,255.0,0.0099220170191097,0.001588442695927,83.99072796521418,676.3,270.6,23.2,1.414213562373095,2.042978802017021,6789.5,1167.8,17.2,605.0,91.0,514.0
c20_m20,Perpignan,ground_reptile,691.0,11.0,196.0,1177.0,1.0,14.0,13.0,181.0,1091.0,262.0,0.0099220170191097,0.0016258337763994,83.61387837505131,676.3,273.8,23.4,1.4045973234677842,2.0586536765636025,6789.5,1167.8,17.2,605.0,91.0,514.0
c20_m20,Perpignan,ground_mammal,532.0,0.0,525.0,1421.0,1.0,1.0,0.0,507.0,1073.0,7.0,0.144440410215046,0.0633132120652248,56.16655202587503,2580.4,1708.4,64.4,1.6157725232388038,3.4083691863761905,6789.5,2651.8,39.1,510.0,119.0,391.0
swfc_000,LRSY,forest_edge_bird,4545.0,0.0,956.0,6148.0,1.0,1.0,0.0,4456.0,9573.0,0.0,0.0219258516314309,0.0182994556636447,,7435.8,6793.1,68.1,1.1057360570000696,1.1999731929901682,50216.7,9974.9,19.9,4463.0,591.0,3872.0
swfc_000,LRSY,arboreal_mammal,4545.0,0.0,1062.0,6896.0,1.0,1.0,0.0,4456.0,9574.0,0.0,0.0252138033179674,0.0218029276786621,,7973.8,7414.9,74.3,1.1121067288842004,1.2088091755693011,50216.7,9975.0,19.9,4463.0,591.0,3872.0
swfc_000,LRSY,ground_mammal,2086.0,1.0,1475.0,3881.0,1.0,1.0,0.0,2030.0,4525.0,1.0,0.2467937935069572,0.2427798280552379,,24946.8,24743.1,98.2,1.141720578459585,1.290127888790215,50216.7,25208.1,50.2,2039.0,524.0,1515.0
swfc_000,LRSY,ground_reptile,4659.0,0.0,1483.0,4544.0,1.0,1.0,0.0,4461.0,9829.0,5.0,0.0277872435924384,0.0215101030086307,,8370.9,7364.9,51.3,1.114252413402967,1.2675825835723684,50216.7,14348.9,28.6,4465.0,1115.0,3350.0
swfc_000,LaRochelle,forest_edge_bird,1045.0,0.0,206.0,1284.0,1.0,1.0,0.0,1010.0,1876.0,0.0,0.0002337931191182,0.0002112993178852,,505.9,480.9,32.5,1.079669127533634,1.1227262541284109,33083.8,1478.9,4.5,1015.0,124.0,891.0
swfc_000,LaRochelle,ground_reptile,2219.0,0.0,287.0,2265.0,1.0,1.0,0.0,2165.0,4348.0,11.0,0.0067345722251939,0.0061076747833441,,2715.0,2585.6,53.2,1.1107992272035765,1.2623853545987112,33083.8,4857.5,14.7,2170.0,216.0,1954.0
swfc_000,LaRochelle,ground_mammal,2161.0,0.0,614.0,3002.0,1.0,1.0,0.0,2114.0,4367.0,5.0,0.0281850282595752,0.0259642845683167,,5554.2,5330.9,81.3,1.1251274884854463,1.2417383901974128,33083.8,6555.6,19.8,2122.0,301.0,1821.0
swfc_000,LaRochelle,arboreal_mammal,1046.0,0.0,238.0,1438.0,1.0,1.0,0.0,1010.0,1877.0,0.0,0.0003269143163134,0.0002930529652575,,598.2,566.4,38.3,1.0854404079352542,1.1384060184192788,33083.8,1478.9,4.5,1015.0,124.0,891.0
swfc_000,Perpignan,forest_edge_bird,739.0,0.0,363.0,1844.0,1.0,1.0,0.0,679.0,1422.0,0.0,0.0281841950059536,0.0259372240626902,7.972450314045931,1139.8,1093.4,76.8,1.1,1.168383189062378,6789.5,1424.4,21.0,682.0,110.0,572.0
swfc_000,Perpignan,arboreal_mammal,627.0,0.0,280.0,1979.0,1.0,1.0,0.0,574.0,1195.0,0.0,0.0071678785057806,0.0066394588807492,7.372050525205284,574.8,553.2,73.5,1.1007591387353572,1.1485604375841818,6789.5,753.2,11.1,575.0,72.0,503.0
swfc_000,Perpignan,ground_mammal,532.0,0.0,525.0,1421.0,1.0,1.0,0.0,504.0,1065.0,0.0,0.144440410215046,0.1416221113232731,1.951184497175657,2580.4,2555.1,96.4,1.1170936502430968,1.4151672042824386,6789.5,2651.8,39.1,510.0,119.0,391.0
swfc_000,Perpignan,ground_reptile,691.0,0.0,196.0,1177.0,1.0,1.0,0.0,604.0,1327.0,10.0,0.0099220170191097,0.0075401363738617,24.006012493835687,676.3,589.6,50.5,1.102641562575963,1.4942649362695597,6789.5,1167.8,17.2,605.0,91.0,514.0
swfc_000,Toulouse,ground_mammal,4733.0,2.0,1526.0,7974.0,1.0,1.0,0.0,4673.0,10327.0,3.0,0.0922808253372214,0.0871728366601753,,14000.3,13607.3,91.4,1.157091911408172,1.347002270229315,46087.4,14891.1,32.3,4679.0,570.0,4109.0
swfc_000,Toulouse,ground_reptile,3577.0,0.0,664.0,4244.0,1.0,1.0,0.0,3402.0,7047.0,57.0,0.0008348706821107,0.0006013524317786,,1331.7,1130.2,22.1,1.1,1.238943894026914,46087.4,5112.2,11.1,3405.0,467.0,2938.0
swfc_000,Toulouse,forest_edge_bird,4769.0,0.0,746.0,6885.0,1.0,1.0,0.0,4679.0,9985.0,0.0,0.0201347450988623,0.0173279751315382,,6539.7,6066.8,66.2,1.102431620152566,1.1759984691339551,46087.4,9161.1,19.9,4681.0,404.0,4277.0
swfc_000,Toulouse,arboreal_mammal,4769.0,0.0,894.0,7657.0,1.0,1.0,0.0,4678.0,9982.0,0.0,0.0234548088476042,0.0205857634622012,,7058.3,6612.5,72.2,1.1342587566275784,1.2163569982338889,46087.4,9161.2,19.9,4681.0,404.0,4277.0
swfc_000,Kourou,arboreal_mammal,211.0,0.0,89.0,322.0,1.0,1.0,0.0,200.0,420.0,0.0,0.1331037040569983,0.1322480813609872,0.6428241062658057,4473.2,4458.8,97.7,1.077252501388459,1.1289166444973655,12261.1,4565.0,37.2,200.0,50.0,150.0
swfc_000,Kourou,ground_reptile,297.0,0.0,88.0,309.0,1.0,1.0,0.0,286.0,535.0,3.0,0.0091411280355412,0.0086634988551314,5.225057329388451,1172.3,1141.2,60.8,1.1040403648480992,1.1984268835165248,12261.1,1876.1,15.3,286.0,65.0,221.0
swfc_000,Kourou,ground_mammal,156.0,0.0,32.0,223.0,1.0,1.0,0.0,149.0,294.0,20.0,0.2729053590299438,0.2589569586623227,5.111076021812611,6405.2,6239.4,96.6,1.1192557247472277,2.383990177427676,12261.1,6458.1,52.7,150.0,25.0,125.0
swfc_000,Kourou,forest_edge_bird,212.0,0.0,79.0,285.0,1.0,1.0,0.0,201.0,424.0,0.0,0.1293452575652252,0.1283482046169821,0.7708461578039187,4409.6,4392.6,96.2,1.0752629103221052,1.126392837012668,12261.1,4564.7,37.2,201.0,51.0,150.0
swfc_000,Nancy,forest_edge_bird,1211.0,0.0,220.0,1699.0,1.0,1.0,0.0,1188.0,2570.0,0.0,0.0878538289069363,0.0842499953149562,,4234.3,4146.6,87.6,1.102205119563018,1.175189010969128,14285.8,4735.1,33.1,1189.0,121.0,1068.0
swfc_000,Nancy,ground_reptile,826.0,0.0,194.0,905.0,1.0,1.0,0.0,791.0,1596.0,5.0,0.0076765152617611,0.0054595023611578,,1251.7,1055.6,51.0,1.101015254455221,1.4566397509388516,14285.8,2070.0,14.5,793.0,127.0,666.0
swfc_000,Nancy,ground_mammal,1175.0,1.0,424.0,1839.0,1.0,1.0,0.0,1162.0,2622.0,6.0,0.2230278123529433,0.2171964470734712,2.614635913768441,6746.6,6657.8,96.1,1.18507838287258,1.553840531016736,14285.8,6925.7,48.5,1163.0,159.0,1004.0
swfc_000,Nancy,arboreal_mammal,1211.0,0.0,257.0,1911.0,1.0,1.0,0.0,1188.0,2571.0,0.0,0.0925004620787487,0.0892636712782892,,4344.9,4268.2,90.1,1.148471219149012,1.2347749066800813,14285.8,4735.0,33.1,1189.0,121.0,1068.0
c95_m20,Perpignan,ground_mammal,532.0,0.0,525.0,1421.0,1.0,1.0,0.0,507.0,1075.0,7.0,0.144440410215046,0.0632217956890562,56.229842053944445,2580.4,1707.1,64.4,1.610552493276995,3.3645875390883826,6789.5,2651.8,39.1,510.0,119.0,391.0
c95_m20,Perpignan,ground_reptile,691.0,11.0,196.0,1177.0,1.0,14.0,13.0,181.0,1088.0,270.0,0.0099220170191097,0.0015826271232094,84.04934077253364,676.3,270.1,23.1,1.4136012156790343,2.037625966135621,6789.5,1167.8,17.2,605.0,91.0,514.0
c54_p20,Perpignan,ground_reptile,691.0,13.0,196.0,1177.0,1.0,14.0,13.0,180.0,1078.0,278.0,0.0099220170191097,0.001533037843597,84.549131082476,676.3,265.8,22.8,1.396102181505109,2.0326171061432405,6789.5,1167.8,17.2,605.0,91.0,514.0
c54_p20,Perpignan,ground_mammal,532.0,0.0,525.0,1421.0,1.0,1.0,0.0,507.0,1073.0,8.0,0.144440410215046,0.0610784300314073,57.7137520307008,2580.4,1677.9,63.3,1.571578607606986,3.3121759926514747,6789.5,2651.8,39.1,510.0,119.0,391.0
c53_p20,Perpignan,ground_mammal,532.0,0.0,525.0,1421.0,1.0,1.0,0.0,507.0,1072.0,10.0,0.144440410215046,0.0616834679660238,57.29486791529589,2580.4,1686.2,63.6,1.6345338308181403,3.534196995625197,6789.5,2651.8,39.1,510.0,119.0,391.0
c53_p20,Perpignan,ground_reptile,691.0,13.0,196.0,1177.0,1.0,15.0,14.0,177.0,1084.0,279.0,0.0099220170191097,0.0015406443000543,84.47246868164966,676.3,266.5,22.8,1.4142135623730951,2.145263415740945,6789.5,1167.8,17.2,605.0,91.0,514.0
d0_p25,Perpignan,ground_reptile,691.0,7.0,229.0,1345.0,1.0,14.0,13.0,182.0,1136.0,224.0,0.013317254812587,0.0020422820846565,,783.5,306.8,26.3,1.4142135623730951,2.225263268807778,6789.5,1167.8,17.2,605.0,91.0,514.0
d0_p25,Perpignan,ground_mammal,532.0,0.0,526.0,1424.0,1.0,1.0,0.0,507.0,1079.0,3.0,0.146006481213487,0.0717850115682658,50.83436641192412,2594.3,1819.1,68.6,1.60947570824873,3.356677706535787,6789.5,2651.8,39.1,510.0,119.0,391.0
d0_p25,Kourou,arboreal_mammal,210.0,0.0,98.0,346.0,1.0,1.0,0.0,199.0,412.0,3.0,0.1343145057012311,0.0944634701765636,29.66994169141498,4493.5,3768.4,82.6,1.2033249608310137,1.4859477829315322,12261.1,4563.6,37.2,199.0,49.0,150.0
d0_p25,Kourou,forest_edge_bird,211.0,0.0,84.0,311.0,1.0,1.0,0.0,200.0,403.0,18.0,0.132054615190281,0.0811440684805578,38.55264477986234,4455.6,3492.7,76.5,1.1428571428571428,1.324521443610887,12261.1,4564.1,37.2,200.0,50.0,150.0
d0_p25,Kourou,ground_reptile,297.0,3.0,101.0,330.0,1.0,4.0,3.0,185.0,495.0,50.0,0.0101981646820453,0.0051373217840935,49.62503603086322,1238.2,878.8,46.8,1.4142135623730951,1.9882737149372112,12261.1,1876.2,15.3,286.0,65.0,221.0
d0_p25,Kourou,ground_mammal,156.0,0.0,32.0,223.0,1.0,2.0,1.0,97.0,278.0,37.0,0.2737578650013963,0.1361886894527597,50.25213633512773,6415.2,4524.8,70.1,1.4142135623730951,1.800379701570574,12261.1,6458.6,52.7,150.0,25.0,125.0
swd0_150,Kourou,forest_edge_bird,210.0,0.0,92.0,337.0,1.0,1.0,0.0,199.0,406.0,10.0,0.1339067517339509,0.08546417318066,36.17635251845834,4486.7,3584.4,78.5,1.1414213562373094,1.324260822121937,12261.1,4563.7,37.2,199.0,49.0,150.0
swd0_150,Kourou,ground_reptile,297.0,1.0,112.0,356.0,1.0,4.0,3.0,188.0,508.0,41.0,0.0111184254742887,0.0054260852374161,51.197359284694265,1292.9,903.2,48.1,1.4142135623730951,1.9852100936513288,12261.1,1876.3,15.3,286.0,65.0,221.0
swd0_150,Kourou,ground_mammal,156.0,0.0,32.0,223.0,1.0,2.0,1.0,97.0,278.0,37.0,0.2743315705140582,0.1366054560102752,50.20425255675237,6421.9,4531.7,70.2,1.4142135623730951,1.800379701570574,12261.1,6458.6,52.7,150.0,25.0,125.0
swd0_150,Kourou,arboreal_mammal,210.0,0.0,109.0,402.0,1.0,1.0,0.0,199.0,411.0,3.0,0.1349907434973396,0.100407921549242,25.61866173348337,4504.8,3885.2,85.1,1.206160233940369,1.48724475486312,12261.1,4563.4,37.2,199.0,49.0,150.0
swd0_150,Perpignan,ground_mammal,532.0,0.0,526.0,1424.0,1.0,1.0,0.0,507.0,1081.0,1.0,0.1470659409243325,0.0789714756701933,46.30199543562209,2603.7,1908.0,71.9,1.60947570824873,3.3533299529836813,6789.5,2651.8,39.1,510.0,119.0,391.0
